ID,Year,Latitude,Longitude,Subs,System,Taxon,Effect2,Study,n_subsidy,Subsidy_mean,Subsidy_sd,n_nosubsidy,Nosubsidy_mean,Nosubsidy_sd
Adams_et_al.2015Frontiers_in_Microbiology,2015,68.633333,-149.6,Nutrients,aquatic,other,dir,experimental,3,5.445629587,1.455725908,3,4.237474309,2.092605992
Adams_et_al.2015Frontiers_in_Microbiology,2015,68.633333,-149.6,Nutrients,aquatic,other,dir,experimental,3,4.025382574,0.606552462,3,3.254957475,0.283057816
Adams_et_al.2015Frontiers_in_Microbiology,2015,68.633333,-149.6,Nutrients,aquatic,other,dir,experimental,3,5.06916996,0.889986581,3,2.915019763,0.479223544
Adams_et_al.2015Frontiers_in_Microbiology,2015,68.633333,-149.6,Nutrients,aquatic,other,dir,experimental,3,7.529644269,1.523246263,3,3.883399209,0.599029429
Aristi_et_al2016Environmental_Pollution,2016,41.967303,2.84065,Nutrients,aquatic,other,dir,experimental,3,72.88732394,20.53252717,3,69.24882629,16.66997256
Aristi_et_al2016Environmental_Pollution,2016,41.967303,2.84065,Nutrients,aquatic,other,dir,experimental,3,76.17370892,5.692185753,3,69.24882629,16.66997256
Barrett_et_al.2005Oikos,2005,28.916667,-113.5,Marine_debris,terrestrial,vertebrate,asc,descriptive,2,78.1,29.4156421,2,24.9,7.14177849
Barrett_et_al.2005Oikos,2005,28.916667,-113.5,Seabird_derived,terrestrial,vertebrate,asc,descriptive,9,26.1,42.3,9,8.36,4.92
Bartels_et_al.2012Oecologia,2012,68.341944,19.156111,Nutrients,aquatic,other,dir,experimental,4,0.57,0.15,4,0.7,0.04
Bartels_et_al.2012Oecologia,2012,68.341944,19.156111,Nutrients,aquatic,other,dir,experimental,4,0.51,0.18,4,0.65,0.05
Bartels_et_al.2012Oecologia,2012,68.341944,19.156111,Nutrients,aquatic,other,dir,experimental,4,137.9,16.3,4,125.1,35.2
Bartels_et_al.2012Oecologia,2012,68.341944,19.156111,Nutrients,aquatic,other,dir,experimental,4,132.3,22.8,4,126.4,32
Bartels_et_al.2012Oecologia,2012,68.341944,19.156111,Nutrients,aquatic,other,dir,experimental,4,56.3,13.5,4,49.3,18.8
Bartels_et_al.2012Oecologia,2012,68.341944,19.156111,Nutrients,aquatic,other,dir,experimental,4,31.5,12.7,4,38.6,10.3
Bastow_et_al.2002,2002,39.77,-123.65,Algae,terrestrial,invertebrate,dir,descriptive,3,0.2173,0.2082,3,0.0707,0.1141
Bastow_et_al.2002,2002,39.77,-123.65,Algae,terrestrial,invertebrate,dir,descriptive,3,1.075,0.6041,3,0.0294,0.0336
Bastow_et_al.2002,2002,39.77,-123.65,Algae,terrestrial,invertebrate,dir,descriptive,3,1.154,0.8693,3,0.0191,0.0336
Bastow_et_al.2002,2002,39.77,-123.65,Algae,terrestrial,invertebrate,dir,descriptive,3,0.14,0.1386,3,0.02,0.0346
Bastow_et_al.2002,2002,39.77,-123.65,Algae,terrestrial,invertebrate,dir,descriptive,3,4.1,0.1559,3,0.05,0.052
Bastow_et_al.2002,2002,39.77,-123.65,Algae,terrestrial,invertebrate,dir,manipulative,6,35.96,24.4046,6,1.121,0.8355
Bastow_et_al.2002,2002,39.77,-123.65,Algae,terrestrial,invertebrate,dir,manipulative,6,1.498832796,0.716360461,6,1.042286651,0.417876936
Baxter_et_al.2004,2004,42.716667,141.6,Insects,terrestrial,invertebrate,dir,manipulative,4,0.1452,0.04,4,0.0252,0.0271
Benjamin_et_al.2011Oecologia,2011,40.7,-105.5,Insects,terrestrial,invertebrate,dir,descriptive,8,301.725,181.3275785,2,350,28.28427125
Benjamin_et_al.2011Oecologia,2011,43.7,-111.1,Insects,terrestrial,invertebrate,dir,descriptive,8,148.9875,195.7262442,2,58.9,139.3000359
Benjamin_et_al2013Freshwater_Biology,2013,43.65,-111.27,Insects,terrestrial,invertebrate,dir,manipulative,16,87,11.66666667,4,73,11
Bishop_and_Kelaher2013Ecology_and_Evolution,2013,-33.4925,151.260833,Plant_litter,terrestrial,invertebrate,dir,manipulative,7,44.14,3.42,7,29.2,7.22
Bishop_and_Kelaher2013Ecology_and_Evolution,2013,-33.4925,151.260833,Plant_litter,terrestrial,invertebrate,dir,manipulative,7,34.57,4.1,7,29.2,7.22
Bishop_and_Kelaher2013Ecology_and_Evolution,2013,-33.4925,151.260833,Plant_litter,terrestrial,invertebrate,dir,manipulative,42,3.448333333,1.005,42,1.72,0.8
Bishop_and_Kelaher2013Ecology_and_Evolution,2013,-33.4925,151.260833,Plant_litter,terrestrial,invertebrate,dir,manipulative,42,3.543333333,1.146666667,42,1.72,0.8
Bishop_and_Kelaher2013Ecology_and_Evolution,2013,-33.4925,151.260833,Plant_litter,terrestrial,invertebrate,dir,manipulative,84,71.27833333,8.898333333,42,39.99,5.25
Bishop_and_Kelaher2013Ecology_and_Evolution,2013,-34.025,151.179167,Plant_litter,terrestrial,invertebrate,dir,manipulative,7,1.2,0.22,7,3.56,0.84
Bishop_and_Kelaher2013Ecology_and_Evolution,2013,-34.025,151.179167,Plant_litter,terrestrial,invertebrate,dir,manipulative,7,2.3,0.4,7,3.56,0.84
Bishop_and_Kelaher2013Ecology_and_Evolution,2013,-34.025,151.179167,Plant_litter,terrestrial,invertebrate,dir,manipulative,42,1.46,0.678333333,42,1.58,0.57
Bishop_and_Kelaher2013Ecology_and_Evolution,2013,-34.025,151.179167,Plant_litter,terrestrial,invertebrate,dir,manipulative,42,1.881666667,0.491666667,42,1.58,0.57
Bishop_and_Kelaher2013Ecology_and_Evolution,2013,-34.025,151.179167,Plant_litter,terrestrial,invertebrate,dir,manipulative,84,9.646666667,1.846666667,42,8.25,1.25
Bishop_and_Kelaher2013Ecology_and_Evolution,2013,-34.066389,151.084722,Plant_litter,terrestrial,invertebrate,dir,manipulative,7,5.18,0.73,7,3.11,0.68
Bishop_and_Kelaher2013Ecology_and_Evolution,2013,-34.066389,151.084722,Plant_litter,terrestrial,invertebrate,dir,manipulative,7,6.28,0.66,7,3.11,0.68
Bishop_and_Kelaher2013Ecology_and_Evolution,2013,-34.066389,151.084722,Plant_litter,terrestrial,invertebrate,dir,manipulative,42,0.305,0.268333333,42,0.43,0.32
Bishop_and_Kelaher2013Ecology_and_Evolution,2013,-34.066389,151.084722,Plant_litter,terrestrial,invertebrate,dir,manipulative,42,0.45,0.235,42,0.43,0.32
Bishop_and_Kelaher2013Ecology_and_Evolution,2013,-34.066389,151.084722,Plant_litter,terrestrial,invertebrate,dir,manipulative,84,24.485,3.265,42,18.17,4.75
Bishop_et_al.2010Oecologia,2010,-34.024722,151.17916,Algae,terrestrial,invertebrate,dir,manipulative,7,49.7,5.09,7,42.9,5.7
Bishop_et_al.2010Oecologia,2010,-34.024722,151.17916,Algae,terrestrial,invertebrate,dir,manipulative,7,33.6,7.9,7,42.9,5.7
Bishop_et_al.2010Oecologia,2010,-34.024722,151.17916,Algae,terrestrial,invertebrate,dir,manipulative,7,43.7,3.5,7,42.9,5.7
Bishop_et_al.2010Oecologia,2010,-34.024722,151.17916,Algae,terrestrial,invertebrate,dir,manipulative,7,24.8,1.92,7,42.9,5.7
Bishop_et_al.2010Oecologia,2010,-34.024722,151.17916,Algae,terrestrial,invertebrate,dir,manipulative,7,32.9,3.81,7,42.9,5.7
Bishop_et_al.2010Oecologia,2010,-34.024722,151.17916,Algae,terrestrial,invertebrate,dir,manipulative,7,27.8,3.09,7,42.9,5.7
Bishop_et_al.2010Oecologia,2010,-34.024722,151.17916,Algae,terrestrial,invertebrate,dir,manipulative,7,35.5,3.33,7,42.9,5.7
Bishop_et_al.2010Oecologia,2010,-34.024722,151.17916,Algae,terrestrial,invertebrate,dir,manipulative,7,27.3,3.55,7,42.9,5.7
Bishop_et_al.2010Oecologia,2010,-34.024722,151.17916,Algae,terrestrial,invertebrate,dir,manipulative,7,28.5,5.52,7,42.9,5.7
Bishop_et_al.2010Oecologia,2010,-34.024722,151.17916,Algae,terrestrial,invertebrate,dir,manipulative,7,9.33,2.23,7,7.9,1.9
Bishop_et_al.2010Oecologia,2010,-34.024722,151.17916,Algae,terrestrial,invertebrate,dir,manipulative,7,7.5,2.17,7,7.9,1.9
Bishop_et_al.2010Oecologia,2010,-34.024722,151.17916,Algae,terrestrial,invertebrate,dir,manipulative,7,8,1.12,7,7.9,1.9
Bishop_et_al.2010Oecologia,2010,-34.024722,151.17916,Algae,terrestrial,invertebrate,dir,manipulative,7,5.18,1.47,7,7.9,1.9
Bishop_et_al.2010Oecologia,2010,-34.024722,151.17916,Algae,terrestrial,invertebrate,dir,manipulative,7,6.01,1.35,7,7.9,1.9
Bishop_et_al.2010Oecologia,2010,-34.024722,151.17916,Algae,terrestrial,invertebrate,dir,manipulative,7,5.19,1.6,7,7.9,1.9
Bishop_et_al.2010Oecologia,2010,-34.024722,151.17916,Algae,terrestrial,invertebrate,dir,manipulative,7,7.74,1.39,7,7.9,1.9
Bishop_et_al.2010Oecologia,2010,-34.024722,151.17916,Algae,terrestrial,invertebrate,dir,manipulative,7,5.61,1.33,7,7.9,1.9
Bishop_et_al.2010Oecologia,2010,-34.024722,151.17916,Algae,terrestrial,invertebrate,dir,manipulative,7,7.72,2.12,7,7.9,1.9
Bishop_et_al.2010Oecologia,2010,-34.024722,151.17916,Algae,terrestrial,invertebrate,dir,manipulative,7,17,2.12,7,20.3,1.9
Bishop_et_al.2010Oecologia,2010,-34.024722,151.17916,Algae,terrestrial,invertebrate,dir,manipulative,7,14.8,2.11,7,20.3,1.9
Bishop_et_al.2010Oecologia,2010,-34.024722,151.17916,Algae,terrestrial,invertebrate,dir,manipulative,7,16.5,1.08,7,20.3,1.9
Bishop_et_al.2010Oecologia,2010,-34.024722,151.17916,Algae,terrestrial,invertebrate,dir,manipulative,7,5.52,1.53,7,20.3,1.9
Bishop_et_al.2010Oecologia,2010,-34.024722,151.17916,Algae,terrestrial,invertebrate,dir,manipulative,7,9.41,1.36,7,20.3,1.9
Bishop_et_al.2010Oecologia,2010,-34.024722,151.17916,Algae,terrestrial,invertebrate,dir,manipulative,7,4.63,1.58,7,20.3,1.9
Bishop_et_al.2010Oecologia,2010,-34.024722,151.17916,Algae,terrestrial,invertebrate,dir,manipulative,7,12.5,1.3,7,20.3,1.9
Bishop_et_al.2010Oecologia,2010,-34.024722,151.17916,Algae,terrestrial,invertebrate,dir,manipulative,7,5.64,1.32,7,20.3,1.9
Bishop_et_al.2010Oecologia,2010,-34.024722,151.17916,Algae,terrestrial,invertebrate,dir,manipulative,7,11.8,2.1,7,20.3,1.9
Bomkamp_et_al.2004,2004,34.241944,-119.89,Invertebrates,aquatic,invertebrate,dir,descriptive,3,2.5,1,3,0.5,0.4
Bomkamp_et_al.2004,2004,34.241944,-119.89,Invertebrates,aquatic,invertebrate,dir,descriptive,3,0.45,0.2,3,0.1,0.2
Bondar-Kunze_et_al2016Science_of_the_Total_Environment,2016,47.8594221,15.0296491,Nutrients,aquatic,other,dir,experimental,8,0.529436183,0.093182558,8,0.493079785,0.062111418
Bondar-Kunze_et_al2016Science_of_the_Total_Environment,2016,47.8594221,15.0296491,Nutrients,aquatic,other,dir,experimental,8,3.348368669,1.204961506,8,0.493079785,0.062111418
Bondar-Kunze_et_al2016Science_of_the_Total_Environment,2016,47.8594221,15.0296491,Nutrients,aquatic,other,dir,experimental,8,3.993416961,0.322994804,8,0.493079785,0.062111418
Bondar-Kunze_et_al2016Science_of_the_Total_Environment,2016,47.8594221,15.0296491,Nutrients,aquatic,other,dir,experimental,8,0.265489059,0.018679921,8,0.191141577,0.093399606
Bondar-Kunze_et_al2016Science_of_the_Total_Environment,2016,47.8594221,15.0296491,Nutrients,aquatic,other,dir,experimental,8,0.339774507,0.124563825,8,0.191141577,0.093399606
Bondar-Kunze_et_al2016Science_of_the_Total_Environment,2016,47.8594221,15.0296491,Nutrients,aquatic,other,dir,experimental,8,0.252074254,0.155697027,8,0.191141577,0.093399606
Bultman2014Ecological_Entomology,2014,65.60386,-16.9961055,Insects,terrestrial,invertebrate,asc,descriptive,2,6.758931248,3.127917996,2,1.83213853,3.067765056
Bultman2014Ecological_Entomology,2014,65.60386,-16.9961055,Insects,terrestrial,invertebrate,asc,descriptive,2,34.17906807,31.2195155,2,5.540221864,7.157850962
Chase_et_al2017Water_Quality_Research_Journal_of_Canada,2017,45.922547,-66.601198,Nutrients,aquatic,other,dir,experimental,24,0.925187032,0.203657523,24,0.186201164,0.052369077
Chase_et_al2017Water_Quality_Research_Journal_of_Canada,2017,45.922547,-66.601198,Nutrients,aquatic,other,dir,experimental,24,2.170407315,0.372402328,24,0.186201164,0.052369077
Chase_et_al2017Water_Quality_Research_Journal_of_Canada,2017,45.922547,-66.601198,Nutrients,aquatic,invertebrate,asc,experimental,9,68.45742545,7.324515012,9,63.56046034,6.559414498
Chase_et_al2017Water_Quality_Research_Journal_of_Canada,2017,45.922547,-66.601198,Nutrients,aquatic,invertebrate,asc,experimental,9,157.8688793,14.5208206,9,63.56046034,6.559414498
Chase_et_al2017Water_Quality_Research_Journal_of_Canada,2017,45.922547,-66.601198,Nutrients,aquatic,invertebrate,asc,experimental,9,109.1396163,9.516384498,9,70.11987484,7.254943054
Chase_et_al2017Water_Quality_Research_Journal_of_Canada,2017,45.922547,-66.601198,Nutrients,aquatic,invertebrate,asc,experimental,9,119.4877647,23.68006498,9,70.11987484,7.254943054
Chase_et_al2017Water_Quality_Research_Journal_of_Canada,2017,45.922547,-66.601198,Nutrients,aquatic,invertebrate,asc,experimental,6,103.5369218,6.123067644,6,56.91250536,7.343375478
Chase_et_al2017Water_Quality_Research_Journal_of_Canada,2017,45.922547,-66.601198,Nutrients,aquatic,invertebrate,asc,experimental,6,111.1006125,16.50878831,6,56.91250536,7.343375478
Chase_et_al2017Water_Quality_Research_Journal_of_Canada,2017,45.922547,-66.601198,Nutrients,aquatic,invertebrate,asc,experimental,9,19.00678476,4.252217465,9,25.11884254,5.11173428
Chase_et_al2017Water_Quality_Research_Journal_of_Canada,2017,45.922547,-66.601198,Nutrients,aquatic,invertebrate,asc,experimental,9,30.28175038,3.802612512,9,25.11884254,5.11173428
Chase_et_al2017Water_Quality_Research_Journal_of_Canada,2017,45.922547,-66.601198,Nutrients,aquatic,invertebrate,asc,experimental,6,35.2173511,11.37162982,6,18.82688132,10.34395522
Chase_et_al2017Water_Quality_Research_Journal_of_Canada,2017,45.922547,-66.601198,Nutrients,aquatic,invertebrate,asc,experimental,6,22.80029661,12.82019531,6,18.82688132,10.34395522
Chase_et_al2017Water_Quality_Research_Journal_of_Canada,2017,45.922547,-66.601198,Nutrients,aquatic,invertebrate,asc,experimental,9,33.83857428,14.20757412,9,23.25939539,9.300269981
Chase_et_al2017Water_Quality_Research_Journal_of_Canada,2017,45.922547,-66.601198,Nutrients,aquatic,invertebrate,asc,experimental,9,45.95599136,14.07201417,9,23.25939539,9.300269981
Chase_et_al2017Water_Quality_Research_Journal_of_Canada,2017,45.922547,-66.601198,Nutrients,aquatic,invertebrate,asc,experimental,9,26.02273702,6.443658979,9,33.59894567,11.10060931
Chase_et_al2017Water_Quality_Research_Journal_of_Canada,2017,45.922547,-66.601198,Nutrients,aquatic,invertebrate,asc,experimental,9,31.13637906,9.837028564,9,33.59894567,11.10060931
Chase_et_al2017Water_Quality_Research_Journal_of_Canada,2017,45.922547,-66.601198,Nutrients,aquatic,invertebrate,asc,experimental,6,32.60637535,15.50230788,6,24.06778667,14.51900399
Chase_et_al2017Water_Quality_Research_Journal_of_Canada,2017,45.922547,-66.601198,Nutrients,aquatic,invertebrate,asc,experimental,6,25.94390241,15.47505487,6,24.06778667,14.51900399
Childress_et_al2014Ecosystems,2014,45.7906,-86.8099,Vertebrates,aquatic,other,dir,manipulative,2,0.504327927,0.178005378,4,0.489989877,0.34656784
Childress_et_al2014Ecosystems,2014,45.7035,-86.9335,Vertebrates,aquatic,other,dir,manipulative,2,0.408285922,0.065114426,4,0.700967595,0.153948683
Childress_et_al2014Ecosystems,2014,44.847,-87.2673,Nutrients,aquatic,other,dir,manipulative,6,0.079308701,0.010441001,6,0.070870083,0.005077473
Childress_et_al2014Ecosystems,2014,44.847,-87.2673,Nutrients,aquatic,other,dir,manipulative,6,0.121501788,0.003003576,6,0.070870083,0.005077473
Childress_et_al2014Ecosystems,2014,44.847,-87.2673,Nutrients,aquatic,other,dir,manipulative,6,0.128724672,0.004147795,6,0.070870083,0.005077473
Collins_and_Baxter2014Ecosphere,2014,43.89926269,-115.3875,Vertebrates,terrestrial,invertebrate,dir,manipulative,3,11.08,1.38,3,2.5,0.44
Collins_and_Baxter2014Ecosphere,2014,43.89926269,-115.3875,Vertebrates,terrestrial,invertebrate,dir,manipulative,3,7.81,1.61,3,1.72,0.45
Collins_and_Baxter2014Ecosphere,2014,43.89926269,-115.3875,Vertebrates,terrestrial,invertebrate,dir,manipulative,3,7.66,0.59,3,0.91,0.08
Collins_and_Baxter2014Ecosphere,2014,43.89926269,-115.3875,Vertebrates,terrestrial,invertebrate,dir,manipulative,3,4.44,0.37,3,0.8,0.36
Collins_and_Baxter2014Ecosphere,2014,43.89926269,-115.3875,Vertebrates,terrestrial,invertebrate,dir,manipulative,3,4.94,0.86,3,2.94,0.44
Collins_and_Baxter2014Ecosphere,2014,43.89926269,-115.3875,Vertebrates,terrestrial,invertebrate,dir,manipulative,3,3.83,0.63,3,2.75,0.78
Collins_and_Baxter2014Ecosphere,2014,43.89926269,-115.3875,Vertebrates,terrestrial,invertebrate,asc,manipulative,3,3.63,0.19,3,0.8,0.21
Collins_and_Baxter2014Ecosphere,2014,43.89926269,-115.3875,Vertebrates,terrestrial,invertebrate,asc,manipulative,3,0.58,0.09,3,0.47,0.1
Collins_and_Baxter2014Ecosphere,2014,43.89926269,-115.3875,Vertebrates,terrestrial,invertebrate,dir,manipulative,3,119.550173,35.29411765,3,32.35294118,9.515570934
Collins_and_Baxter2014Ecosphere,2014,43.89926269,-115.3875,Vertebrates,terrestrial,invertebrate,asc,manipulative,3,113.3844289,11.77247762,3,101.2151262,17.19575382
Collins_and_Baxter2014Unpublished,2014,43.89926269,-115.3875,Vertebrates,terrestrial,invertebrate,dir,manipulative,3,0.75,0.14,3,1.11,0.51
Collins_and_Baxter2014Unpublished,2014,43.89926269,-115.3875,Vertebrates,terrestrial,invertebrate,dir,manipulative,3,1.89,0.15,3,4,0.63
Collins_and_Baxter2014Unpublished,2014,43.89926269,-115.3875,Vertebrates,terrestrial,invertebrate,asc,manipulative,3,6.53,0.89,3,4.78,0.22
Collins_and_Baxter2014Unpublished,2014,43.89926269,-115.3875,Vertebrates,terrestrial,invertebrate,asc,manipulative,3,3.06,0.45,3,3.58,0.55
Collins_and_Baxter2014Unpublished,2014,43.89926269,-115.3875,Vertebrates,terrestrial,invertebrate,dir,manipulative,3,8.81,3.01,3,27.44,4.93
Collins_and_Baxter2014Unpublished,2014,43.89926269,-115.3875,Vertebrates,terrestrial,invertebrate,dir,manipulative,3,0.67,0.17,3,11.06,2.01
Collins_and_Baxter2014Unpublished,2014,43.89926269,-115.3875,Vertebrates,terrestrial,invertebrate,dir,manipulative,3,0.36,0.27,3,0.79,0.11
Collins_and_Baxter2014Unpublished,2014,43.89926269,-115.3875,Vertebrates,terrestrial,invertebrate,dir,manipulative,3,0.04,0.04,3,0.02,0.02
Collins_et_al2016Ecosphere,2016,43.91666667,-115.5333333,Vertebrates,aquatic,other,dir,manipulative,3,4.565883555,0.612870276,3,4.964249234,1.072522983
Collins_et_al2016Ecosphere,2016,43.91666667,-115.5333333,Vertebrates,aquatic,other,dir,manipulative,3,11.00102145,6.680286006,3,6.527068437,1.593462717
Collins_et_al2016Ecosphere,2016,43.91666667,-115.5333333,Vertebrates,aquatic,other,dir,manipulative,3,3.493360572,0.214504597,3,3.983656793,0.398365679
Collins_et_al2016Ecosphere,2016,43.91666667,-115.5333333,Vertebrates,aquatic,vertebrate,dir,manipulative,3,0.424689165,0.089520426,3,0.240852575,0.051154529
Collins_et_al2016Ecosphere,2016,43.91666667,-115.5333333,Vertebrates,aquatic,vertebrate,dir,manipulative,3,0.360746004,0.106571936,3,0.31705151,0.0660746
Collins_et_al2016Ecosphere,2016,43.91666667,-115.5333333,Vertebrates,aquatic,vertebrate,dir,manipulative,3,0.220603908,0.042095915,3,0.244582593,0.094316163
Collins_et_al2016Ecosphere,2016,43.91666667,-115.5333333,Vertebrates,aquatic,invertebrate,des,manipulative,3,1368.639053,228.9940828,3,571.5976331,101.183432
Collins_et_al2016Ecosphere,2016,43.91666667,-115.5333333,Vertebrates,aquatic,invertebrate,des,manipulative,3,505.9171598,83.43195266,3,431.3609467,14.20118343
Collins_et_al2016Ecosphere,2016,43.91666667,-115.5333333,Vertebrates,aquatic,invertebrate,des,manipulative,3,442.0118343,60.35502959,3,298.2248521,74.55621302
Daggett_et_al2015Aquatic_Sciences,2015,44.33333333,-68.3,Nutrients,aquatic,other,dir,manipulative,3,60.86956522,10.01890359,3,52.93005671,1.890359168
Daggett_et_al2015Aquatic_Sciences,2015,44.33333333,-68.3,Nutrients,aquatic,other,dir,manipulative,3,62.57088847,11.15311909,3,71.83364839,16.06805293
Daggett_et_al2015Aquatic_Sciences,2015,44.33333333,-68.3,Nutrients,aquatic,other,dir,manipulative,3,637.9633051,5.308033072,3,577.5712467,209.4689456
Daggett_et_al2015Aquatic_Sciences,2015,44.33333333,-68.3,Nutrients,aquatic,other,dir,manipulative,3,575.833707,92.76252309,3,581.6589845,82.23684918
Daggett_et_al2015Aquatic_Sciences,2015,44.33333333,-68.3,Nutrients,aquatic,other,dir,manipulative,3,19.0021692,7.895878525,3,24.98915401,9.978308026
Daggett_et_al2015Aquatic_Sciences,2015,44.33333333,-68.3,Nutrients,aquatic,other,dir,manipulative,3,5.813449024,1.127982646,3,15.96529284,3.036876356
Daggett_et_al2015Aquatic_Sciences,2015,44.33333333,-68.3,Nutrients,aquatic,other,dir,manipulative,3,62.60869565,12.39130435,3,99.7826087,8.47826087
Daggett_et_al2015Aquatic_Sciences,2015,44.33333333,-68.3,Nutrients,aquatic,other,dir,manipulative,3,71.73913043,6.52173913,3,99.13043478,11.73913043
Daggett_et_al2015Aquatic_Sciences,2015,48.03333333,-88.7,Nutrients,aquatic,other,dir,manipulative,3,270.4545455,10.60606061,3,299.6212121,7.954545455
Daggett_et_al2015Aquatic_Sciences,2015,48.03333333,-88.7,Nutrients,aquatic,other,dir,manipulative,3,348.6742424,37.12121212,3,295.6439394,50.37878788
Daggett_et_al2015Aquatic_Sciences,2015,48.03333333,-88.7,Nutrients,aquatic,other,dir,manipulative,3,3.820793802,0.226841473,3,7.935792815,1.021432287
Daggett_et_al2015Aquatic_Sciences,2015,48.03333333,-88.7,Nutrients,aquatic,other,dir,manipulative,3,15.81627419,4.204099934,3,5.045823843,2.045016769
Daggett_et_al2015Aquatic_Sciences,2015,48.03333333,-88.7,Nutrients,aquatic,other,dir,manipulative,3,647.1861472,151.5151515,3,636.3636364,218.6147186
Daggett_et_al2015Aquatic_Sciences,2015,48.03333333,-88.7,Nutrients,aquatic,other,dir,manipulative,3,595.2380952,54.11255411,3,534.6320346,56.27705628
Daggett_et_al2015Aquatic_Sciences,2015,48.03333333,-88.7,Nutrients,aquatic,other,dir,manipulative,3,532.173913,44.34782609,3,266.0869565,10.43478261
Daggett_et_al2015Aquatic_Sciences,2015,48.03333333,-88.7,Nutrients,aquatic,other,dir,manipulative,3,508.6956522,234.7826087,3,357.3913043,93.91304348
Degerman_et_al2018Hydrobiologia,2018,63.56666667,19.9,Nutrients,aquatic,other,dir,experimental,3,66.96296296,10.07407407,3,33.03703704,10.51851852
Degerman_et_al2018Hydrobiologia,2018,63.56666667,19.9,Nutrients,aquatic,other,dir,experimental,3,44.74074074,8.592592593,3,58.81481481,10.22222222
Degerman_et_al2018Hydrobiologia,2018,63.56666667,19.9,Nutrients,aquatic,other,dir,experimental,3,18.37037037,13.92592593,3,12,4.148148148
Degerman_et_al2018Hydrobiologia,2018,63.56666667,19.9,Nutrients,aquatic,other,dir,experimental,3,44.74074074,8.888888889,3,78.66666667,23.25925926
Degerman_et_al2018Hydrobiologia,2018,63.56666667,19.9,Nutrients,aquatic,other,asc,experimental,3,68.71008743,24.54802725,3,11.15207106,1.14185924
Degerman_et_al2018Hydrobiologia,2018,63.56666667,19.9,Nutrients,aquatic,other,asc,experimental,3,15.60553032,12.46430841,3,17.70492902,8.753469575
Degerman_et_al2018Hydrobiologia,2018,63.56666667,19.9,Nutrients,aquatic,other,asc,experimental,3,14.58770681,9.191210945,3,1.603723775,1.608454524
Earl_and_Semlitsch2012Oecologia,2012,38.77,-91.4,Plant_litter,aquatic,vertebrate,asc,experimental,12,11.22283333,7.265073232,11,8.56,8.808713868
Earl_and_Semlitsch2012Oecologia,2012,38.77,-91.4,Plant_litter,aquatic,vertebrate,asc,experimental,10,1.225,1.960142228,10,0.7971,0.955668637
Earl_and_Semlitsch2012Oecologia,2012,38.77,-91.4,Plant_litter,aquatic,vertebrate,asc,experimental,9,33.8,18.79627623,9,13.34555556,10.6236777
Eggert_and_Wallace2003,2003,35.059725,-83.430557,Plant_litter,aquatic,invertebrate,dir,manipulative,3,209.0759076,68.11264749,3,18.86688669,21.46568076
Eggert_and_Wallace2003,2003,35.059725,-83.430557,Plant_litter,aquatic,invertebrate,dir,manipulative,3,0.126114802,0.028387211,3,0.001362596,0.001933941
Eggert_and_Wallace2003,2003,35.059725,-83.430557,Plant_litter,aquatic,invertebrate,dir,manipulative,3,0.867326733,0.017262966,3,0.022442244,0.028650211
Fey_et_al2015Oecologia,2015,43.72,-72.21333333,Plant_litter,aquatic,other,dir,experimental,5,134.8737148,52.47688755,5,65.88312134,31.56020012
Fey_et_al2015Oecologia,2015,43.72,-72.21333333,Plant_litter,aquatic,other,dir,experimental,5,2.1875,0.1875,5,3.3203125,0.40625
Fey_et_al2015Oecologia,2015,43.72,-72.21333333,Plant_litter,aquatic,invertebrate,asc,experimental,5,10.63829787,3.546099291,5,83.92434988,48.46335697
Fey_et_al2015Oecologia,2015,43.72,-72.21333333,Plant_litter,aquatic,invertebrate,asc,experimental,5,29.947483,7.415445385,5,12.15095271,5.402742554
Fey_et_al2015Oecologia,2015,43.72,-72.21333333,Plant_litter,aquatic,invertebrate,asc,experimental,5,4.757663255,2.334027623,5,0.681607295,0.575014526
Fey_et_al2015Oecologia,2015,43.72,-72.21333333,Plant_litter,aquatic,invertebrate,asc,experimental,5,7.234927235,3.492723493,5,21.87110187,6.652806653
Fey_et_al2015Oecologia,2015,43.72,-72.21333333,Plant_litter,aquatic,invertebrate,asc,experimental,5,1.35,1.2125,5,3.3125,0.9375
Fey_et_al2015Oecologia,2015,43.72,-72.21333333,Plant_litter,aquatic,invertebrate,asc,experimental,5,23.2513993,7.81691267,5,7.784237028,4.65653837
Fey_et_al2015Oikos,2015,43.72,-72.21333333,Plant_litter,aquatic,other,dir,experimental,5,4.186463691,0.811355688,5,16.31631352,3.772721662
Fey_et_al2015Oikos,2015,43.72,-72.21333333,Plant_litter,aquatic,other,dir,experimental,5,3.943056984,0.892491257,5,16.31631352,3.772721662
Fey_et_al2015Oikos,2015,43.72,-72.21333333,Plant_litter,aquatic,other,dir,experimental,5,4.244444444,0.533333333,5,2.459259259,0.162962963
Fey_et_al2015Oikos,2015,43.72,-72.21333333,Plant_litter,aquatic,other,dir,experimental,5,3.066666667,0.296296296,5,2.459259259,0.162962963
Fey_et_al2015Oikos,2015,43.72,-72.21333333,Plant_litter,aquatic,invertebrate,asc,experimental,5,2.088091194,0.558014192,5,33.39888753,3.34814007
Fey_et_al2015Oikos,2015,43.72,-72.21333333,Plant_litter,aquatic,invertebrate,asc,experimental,5,6.490203155,2.511118782,5,33.39888753,3.34814007
Fey_et_al2015Oikos,2015,43.72,-72.21333333,Plant_litter,aquatic,invertebrate,asc,experimental,5,4.642735043,1.579487179,5,4.116239316,0.806837607
Fey_et_al2015Oikos,2015,43.72,-72.21333333,Plant_litter,aquatic,invertebrate,asc,experimental,5,4.027350427,0.451282051,5,4.116239316,0.806837607
Field_and_Reynolds2011Proceedings_of_the_Royal_Society_B,2011,52.3,-127.8,Vertebrates,terrestrial,vertebrate,asc,descriptive,14,6.567857143,0.758466627,5,4.776,0.6410117
Field_and_Reynolds2011Proceedings_of_the_Royal_Society_B,2011,52.3,-127.8,Vertebrates,terrestrial,vertebrate,asc,descriptive,16,7.2325,0.569059531,6,5.151666667,0.616989555
Geddes2015Aquatic_Sciences,2015,42.4056,-85.4008,Plant_litter,aquatic,other,dir,experimental,4,2.341726619,0.207733813,4,2.776079137,0.396582734
Geddes2015Aquatic_Sciences,2015,42.4056,-85.4008,Plant_litter,aquatic,other,dir,experimental,4,5.20754717,0.79245283,4,4.226415094,0.113207547
Geddes2015Aquatic_Sciences,2015,42.4056,-85.4008,Plant_litter,aquatic,other,dir,experimental,4,1.148247978,0.296495957,4,0.706199461,0.075471698
Gende_and_Willson2001,2001,58.3,-134.4,Vertebrates,terrestrial,vertebrate,asc,descriptive,7,4.21,0.7,7,5.14,0.7408
Glaholt_and_Vanni2005Freshwater_Biology,2005,39.510533,-84.723623,Earth_worms,aquatic,other,des,experimental,40,50.7,2.47,40,48,1.77
Glaholt_and_Vanni2005Freshwater_Biology,2005,39.510533,-84.723623,Earth_worms,aquatic,other,des,experimental,40,48.8,0.598,40,48,1.77
Glaholt_and_Vanni2005Freshwater_Biology,2005,39.510533,-84.723623,Earth_worms,aquatic,other,des,experimental,4,12.1,11.7,4,7.9,3.64
Glaholt_and_Vanni2005Freshwater_Biology,2005,39.510533,-84.723623,Earth_worms,aquatic,other,des,experimental,4,21.6,8.08,4,7.9,3.64
Graf_et_al2017Biology_Letters,2017,49.25496111,7.961580556,Insects,terrestrial,invertebrate,des,experimental,13,3.140587445,0.836099796,13,0.773970052,0.560566909
Graf_et_al2017Biology_Letters,2017,49.25496111,7.961580556,Insects,terrestrial,invertebrate,des,experimental,13,0.803827751,0.602870813,13,2.602870813,0.947368421
Gu_and_Wyatt2016Freshwater_Biology,2016,64.7,-148.3,Nutrients,aquatic,other,dir,experimental,4,31.35969142,4.705882353,4,6.094503375,0.308582449
Gu_and_Wyatt2016Freshwater_Biology,2016,64.7,-148.3,Nutrients,aquatic,other,dir,experimental,4,18.09064609,2.584378014,4,6.788813886,0.732883317
Gu_and_Wyatt2016Freshwater_Biology,2016,64.7,-148.3,Nutrients,aquatic,other,dir,experimental,4,24.3780135,1.851494696,4,5.323047252,0.154291225
Gu_and_Wyatt2016Freshwater_Biology,2016,64.7,-148.3,Nutrients,aquatic,other,dir,experimental,4,13.42333655,2.237222758,4,6.634522662,0.655737705
Gu_and_Wyatt2016Freshwater_Biology,2016,64.7,-148.3,Nutrients,aquatic,other,dir,experimental,4,15.73770492,0.964320154,4,5.785920926,0.50144648
Gu_and_Wyatt2016Freshwater_Biology,2016,64.7,-148.3,Nutrients,aquatic,other,dir,experimental,4,10.22179364,0.617164899,4,5.515911283,0.578592093
Gu_and_Wyatt2016Freshwater_Biology,2016,64.7,-148.3,Nutrients,aquatic,other,dir,experimental,4,6.017357763,0.385728062,4,6.287367406,0.347155256
Gu_and_Wyatt2016Freshwater_Biology,2016,64.7,-148.3,Nutrients,aquatic,other,dir,experimental,4,4.860173578,0.964320154,4,4.513018322,0.385728062
Gu_and_Wyatt2016Freshwater_Biology,2016,64.7,-148.3,Nutrients,aquatic,other,dir,experimental,4,4.397299904,0.424300868,4,4.898746384,0.887174542
Gu_and_Wyatt2016Freshwater_Biology,2016,64.7,-148.3,Nutrients,aquatic,other,dir,experimental,4,4.628736741,0.462873674,4,4.667309547,0.424300868
Gu_and_Wyatt2016Freshwater_Biology,2016,64.7,-148.3,Nutrients,aquatic,other,dir,experimental,4,16.0033389,0.590984975,4,11.69616027,0.841402337
Gu_and_Wyatt2016Freshwater_Biology,2016,64.7,-148.3,Nutrients,aquatic,other,dir,experimental,4,14.721202,0.771285476,4,11.61602671,0.330550918
Gu_and_Wyatt2016Freshwater_Biology,2016,64.7,-148.3,Nutrients,aquatic,other,dir,experimental,4,14.02003339,1.282136895,4,11.18530885,0.440734558
Gu_and_Wyatt2016Freshwater_Biology,2016,64.7,-148.3,Nutrients,aquatic,other,dir,experimental,4,13.0984975,0.590984975,4,11.21535893,0.731218698
Gu_and_Wyatt2016Freshwater_Biology,2016,64.7,-148.3,Nutrients,aquatic,other,dir,experimental,4,13.53923205,0.611018364,4,10.92487479,0.260434057
Gu_and_Wyatt2016Freshwater_Biology,2016,64.7,-148.3,Nutrients,aquatic,other,dir,experimental,4,12.04674457,1.622704508,4,11.07512521,0.58096828
Gu_and_Wyatt2016Freshwater_Biology,2016,64.7,-148.3,Nutrients,aquatic,other,dir,experimental,4,12.55759599,0.771285476,4,10.9148581,0.89148581
Gu_and_Wyatt2016Freshwater_Biology,2016,64.7,-148.3,Nutrients,aquatic,other,dir,experimental,4,11.65609349,1.202003339,4,10.75459098,0.330550918
Gu_and_Wyatt2016Freshwater_Biology,2016,64.7,-148.3,Nutrients,aquatic,other,dir,experimental,4,11.22537563,1.262103506,4,10.40400668,1.111853088
Gu_and_Wyatt2016Freshwater_Biology,2016,64.7,-148.3,Nutrients,aquatic,other,dir,experimental,4,10.05342237,0.701168614,4,10.45409015,0.590984975
Gustafsson_et_al2014Environmental_Biology_of_Fishes,2014,59.61513611,12.26983889,Insects,aquatic,invertebrate,des,manipulative,4,2.219725639,0.092565074,4,2.617076632,0.18488321
Havik_et_al2014PLoS_One,2014,-5.78333333,-81.06666667,Seabird_derived,terrestrial,other,dir,descriptive,6,8.753857819,3.709991039,6,2.373818829,1.046096432
Havik_et_al2014PLoS_One,2014,-5.78333333,-81.06666667,Seabird_derived,terrestrial,other,dir,descriptive,6,8.272695874,2.050418562,6,2.373818829,1.046096432
Havik_et_al2014PLoS_One,2014,-5.78333333,-81.06666667,Seabird_derived,terrestrial,other,dir,descriptive,6,7.708262959,3.370755316,6,2.373818829,1.046096432
Havik_et_al2014PLoS_One,2014,-5.78333333,-81.06666667,Seabird_derived,terrestrial,other,dir,descriptive,6,11.75105141,5.622863819,6,2.373818829,1.046096432
Havik_et_al2014PLoS_One,2014,-5.78333333,-81.06666667,Seabird_derived,terrestrial,other,dir,descriptive,6,7.672033419,7.662753628,6,2.373818829,1.046096432
Havik_et_al2014PLoS_One,2014,-5.78333333,-81.06666667,Seabird_derived,terrestrial,other,dir,descriptive,6,15.01310729,5.81597217,6,30.65102574,9.347688931
Havik_et_al2014PLoS_One,2014,-5.78333333,-81.06666667,Seabird_derived,terrestrial,other,dir,descriptive,6,14.62909268,3.973146215,6,30.65102574,9.347688931
Havik_et_al2014PLoS_One,2014,-5.78333333,-81.06666667,Seabird_derived,terrestrial,other,dir,descriptive,6,14.83732121,4.388613717,6,30.65102574,9.347688931
Havik_et_al2014PLoS_One,2014,-5.78333333,-81.06666667,Seabird_derived,terrestrial,other,dir,descriptive,6,19.22593493,9.266624175,6,30.65102574,9.347688931
Havik_et_al2014PLoS_One,2014,-5.78333333,-81.06666667,Seabird_derived,terrestrial,other,dir,descriptive,6,7.653982555,2.915188354,6,30.65102574,9.347688931
Heerhartz_et_al2016Estuaries_and_Coasts,2016,47.72485278,-122.4716972,Marine_debris,terrestrial,invertebrate,dir,descriptive,29,90.91770574,18.47319202,29,12.0542394,4.154613466
Heerhartz_et_al2016Estuaries_and_Coasts,2016,47.72485278,-122.4716972,Marine_debris,terrestrial,invertebrate,dir,descriptive,29,59.12133891,17.13389121,29,25.70083682,10.35564854
Heerhartz_et_al2016Estuaries_and_Coasts,2016,47.72485278,-122.4716972,Marine_debris,terrestrial,invertebrate,dir,descriptive,29,55.54393305,17.79288703,29,34.92677824,17.32217573
Heerhartz_et_al2016Estuaries_and_Coasts,2016,47.72485278,-122.4716972,Marine_debris,terrestrial,invertebrate,dir,descriptive,29,88.81922675,40.22988506,29,34.48275862,16.71891327
Heerhartz_et_al2016Estuaries_and_Coasts,2016,47.72485278,-122.4716972,Marine_debris,terrestrial,invertebrate,dir,descriptive,29,142.6332288,52.24660397,29,183.646813,51.72413793
Henschel_et_al.2001Oikos,2001,49.6,9.95,Insects,terrestrial,invertebrate,dir,descriptive,9,21.9,21.1,9,9.2,7.1
Henschel_et_al.2001Oikos,2001,49.6,9.95,Insects,terrestrial,invertebrate,dir,descriptive,9,3.6,3.1,9,1.5,1
Henschel_et_al.2001Oikos,2001,49.6,9.95,Insects,terrestrial,invertebrate,dir,descriptive,9,10.5,7.9,9,8.3,9.3
Henschel_et_al.2001Oikos,2001,49.6,9.95,Insects,terrestrial,invertebrate,des,descriptive,9,5.9,5.4,9,4.1,2.2
Henschel_et_al.2001Oikos,2001,49.6,9.95,Insects,terrestrial,invertebrate,des,descriptive,9,5.5,4.1,9,6.8,5.9
Henschel_et_al.2001Oikos,2001,49.6,9.95,Insects,terrestrial,invertebrate,des,descriptive,9,9,4.1,9,15,10
Iwata_et_al.2003Ecography,2003,42.63,141.6,Insects,terrestrial,vertebrate,dir,descriptive,3,93.107,110.446294,3,4.726666667,5.787506659
Jessop_et_al.2012Public_Library_of_Science,2012,-37,148,Vertebrates,terrestrial,vertebrate,dir,descriptive,60,3.28,0.413,60,0.079,0.021
Jonsson_and_Wardle2009Acta_Oecologica,2009,66.1,17.1,Insects,terrestrial,invertebrate,dir,descriptive,10,12.19,3.82,2,15.51,8.31
Jonsson_and_Wardle2009Acta_Oecologica,2009,66.1,17.1,Insects,terrestrial,invertebrate,dir,descriptive,10,19.9,6.2,2,15.51,8.31
Jonsson_and_Wardle2009Acta_Oecologica,2009,66.1,17.1,Insects,terrestrial,invertebrate,dir,descriptive,10,4.95,1.76,10,2.92,0.98
Jonsson_and_Wardle2009Acta_Oecologica,2009,66.1,17.1,Insects,terrestrial,invertebrate,dir,descriptive,10,2.19,0.83,10,2.92,0.98
Jonsson_and_Wardle2009Acta_Oecologica,2009,66.1,17.1,Insects,terrestrial,invertebrate,dir,descriptive,10,5.55,2.48,10,2.92,0.98
Jonsson_and_Wardle2009Acta_Oecologica,2009,66.1,17.1,Insects,terrestrial,invertebrate,dir,descriptive,10,2.62,0.83,10,1.72,0.79
Jonsson_and_Wardle2009Acta_Oecologica,2009,66.1,17.1,Insects,terrestrial,invertebrate,dir,descriptive,10,2.74,0.8,10,1.72,0.79
Jonsson_and_Wardle2009Acta_Oecologica,2009,66.1,17.1,Insects,terrestrial,invertebrate,dir,descriptive,10,2.33,1.12,10,1.72,0.79
Jonsson_and_Wardle2009Acta_Oecologica,2009,66.1,17.1,Insects,terrestrial,invertebrate,dir,descriptive,10,0.6,0.27,10,0.81,0.25
Jonsson_and_Wardle2009Acta_Oecologica,2009,66.1,17.1,Insects,terrestrial,invertebrate,dir,descriptive,10,0.81,0.28,10,0.81,0.25
Jonsson_and_Wardle2009Acta_Oecologica,2009,66.1,17.1,Insects,terrestrial,invertebrate,dir,descriptive,10,0.6,0.22,10,0.81,0.25
Jonsson_and_Wardle2009Acta_Oecologica,2009,66.1,17.1,Insects,terrestrial,invertebrate,dir,descriptive,10,10.96,5.58,2,15.25,9.5
Jonsson_and_Wardle2009Acta_Oecologica,2009,66.1,17.1,Insects,terrestrial,invertebrate,dir,descriptive,10,13.75,3.9,2,15.25,9.5
Jonsson_and_Wardle2009Acta_Oecologica,2009,66.1,17.1,Insects,terrestrial,invertebrate,dir,descriptive,10,16.59,6.32,10,20.9,13.57
Jonsson_and_Wardle2009Acta_Oecologica,2009,66.1,17.1,Insects,terrestrial,invertebrate,dir,descriptive,10,6.83,2.75,10,20.9,13.57
Jonsson_and_Wardle2009Acta_Oecologica,2009,66.1,17.1,Insects,terrestrial,invertebrate,dir,descriptive,10,5.4,2.76,10,20.9,13.57
Jonsson_and_Wardle2009Acta_Oecologica,2009,66.1,17.1,Insects,terrestrial,invertebrate,dir,descriptive,10,9.45,4.7,10,1.63,0.75
Jonsson_and_Wardle2009Acta_Oecologica,2009,66.1,17.1,Insects,terrestrial,invertebrate,dir,descriptive,10,4.25,2.12,10,1.63,0.75
Jonsson_and_Wardle2009Acta_Oecologica,2009,66.1,17.1,Insects,terrestrial,invertebrate,dir,descriptive,10,11.3,6.6,10,1.63,0.75
Jonsson_and_Wardle2009Acta_Oecologica,2009,66.1,17.1,Insects,terrestrial,invertebrate,dir,descriptive,10,0.46,0.31,10,0.72,0.25
Jonsson_and_Wardle2009Acta_Oecologica,2009,66.1,17.1,Insects,terrestrial,invertebrate,dir,descriptive,10,0.71,0.27,10,0.72,0.25
Jonsson_and_Wardle2009Acta_Oecologica,2009,66.1,17.1,Insects,terrestrial,invertebrate,dir,descriptive,10,0.66,0.22,10,0.72,0.25
Kato_et_al.2003Oikos,2003,42.71,141.6,Insects,terrestrial,invertebrate,dir,manipulative,6,0.1,0.1225,6,0.03,0.049
Kato_et_al.2003Oikos,2003,42.71,141.6,Insects,terrestrial,invertebrate,dir,manipulative,6,0.17,0.098,6,0.11,0.098
Kato_et_al.2003Oikos,2003,42.71,141.6,Insects,terrestrial,invertebrate,dir,manipulative,6,0.34,0.1225,6,0.09,0.0735
Kato_et_al.2003Oikos,2003,42.71,141.6,Insects,terrestrial,invertebrate,dir,manipulative,6,0.65,0.2205,6,0.25,0.098
Kato_et_al.2003Oikos,2003,42.71,141.6,Insects,terrestrial,invertebrate,dir,manipulative,6,0.24,0.098,6,0.31,0.0735
Kato_et_al.2003Oikos,2003,42.71,141.6,Insects,terrestrial,invertebrate,dir,manipulative,6,0.52,0.2449,6,0.41,0.1715
Kawaguchi_and_Nakano2001Freshwater_Biology,2001,42.716667,141.6,Invertebrates,aquatic,vertebrate,dir,descriptive,2,2821,379.2921,2,1273,325.1277
Kawaguchi_and_Nakano2001Freshwater_Biology,2001,42.716667,141.6,Invertebrates,aquatic,vertebrate,dir,descriptive,2,4052,433.4565,2,1692,531.0372
Kawaguchi_and_Nakano2001Freshwater_Biology,2001,42.716667,141.6,Invertebrates,aquatic,vertebrate,dir,descriptive,2,5972,444.3459,2,2171,498.5103
Kawaguchi_and_Nakano2001Freshwater_Biology,2001,42.716667,141.6,Invertebrates,aquatic,vertebrate,dir,descriptive,2,2099,359.4931,2,1456,270.9633
Kawaguchi_et_al2003Ecology,2003,42.716667,141.6,Invertebrates,aquatic,vertebrate,dir,manipulative,4,412.5,35.18,4,212.5,96
Keeley2016Canadian_Journal_of_Fisheries_and_Aquatic_Sciences,2016,44.35091667,-115.1198639,Vertebrates,aquatic,invertebrate,dir,manipulative,2,1.969111111,0.225555556,2,1.363333333,0.135333333
Keeley2016Canadian_Journal_of_Fisheries_and_Aquatic_Sciences,2016,44.35091667,-115.1198639,Vertebrates,aquatic,invertebrate,dir,manipulative,2,2.046444444,0.232,2,1.363333333,0.135333333
Keeley2016Canadian_Journal_of_Fisheries_and_Aquatic_Sciences,2016,44.35091667,-115.1198639,Vertebrates,aquatic,invertebrate,dir,manipulative,2,1.46,0.225555556,2,1.073333333,0.141777778
Keeley2016Canadian_Journal_of_Fisheries_and_Aquatic_Sciences,2016,44.35091667,-115.1198639,Vertebrates,aquatic,invertebrate,dir,manipulative,2,1.008888889,0.212666667,2,1.073333333,0.141777778
Keeley2016Canadian_Journal_of_Fisheries_and_Aquatic_Sciences,2016,44.35091667,-115.1198639,Vertebrates,aquatic,invertebrate,dir,manipulative,2,1.144222222,0.161111111,2,0.88,0.096666667
Keeley2016Canadian_Journal_of_Fisheries_and_Aquatic_Sciences,2016,44.35091667,-115.1198639,Vertebrates,aquatic,invertebrate,dir,manipulative,2,0.680222222,0.174,2,0.88,0.096666667
Keeley2016Canadian_Journal_of_Fisheries_and_Aquatic_Sciences,2016,44.35091667,-115.1198639,Vertebrates,aquatic,invertebrate,dir,manipulative,2,0.654444444,0.167555556,2,0.564222222,0.109555556
Keeley2016Canadian_Journal_of_Fisheries_and_Aquatic_Sciences,2016,44.35091667,-115.1198639,Vertebrates,aquatic,invertebrate,dir,manipulative,2,0.435333333,0.148222222,2,0.564222222,0.109555556
Keeley2016Canadian_Journal_of_Fisheries_and_Aquatic_Sciences,2016,44.35091667,-115.1198639,Vertebrates,aquatic,invertebrate,dir,manipulative,2,1.427777778,0.244888889,2,1.421333333,0.128888889
Keeley2016Canadian_Journal_of_Fisheries_and_Aquatic_Sciences,2016,44.35091667,-115.1198639,Vertebrates,aquatic,invertebrate,dir,manipulative,2,1.672666667,0.232,2,1.421333333,0.128888889
Keeley2016Canadian_Journal_of_Fisheries_and_Aquatic_Sciences,2016,44.35091667,-115.1198639,Vertebrates,aquatic,invertebrate,dir,manipulative,2,1.769333333,0.232,2,1.344,0.128888889
Keeley2016Canadian_Journal_of_Fisheries_and_Aquatic_Sciences,2016,44.35091667,-115.1198639,Vertebrates,aquatic,invertebrate,dir,manipulative,2,1.350444444,0.225555556,2,1.344,0.128888889
Keeley2016Canadian_Journal_of_Fisheries_and_Aquatic_Sciences,2016,44.35091667,-115.1198639,Vertebrates,aquatic,invertebrate,dir,manipulative,2,0.609333333,0.180444444,2,1.086222222,0.096666667
Keeley2016Canadian_Journal_of_Fisheries_and_Aquatic_Sciences,2016,44.35091667,-115.1198639,Vertebrates,aquatic,invertebrate,dir,manipulative,2,1.041111111,0.167555556,2,1.086222222,0.096666667
Keeley2016Canadian_Journal_of_Fisheries_and_Aquatic_Sciences,2016,44.35091667,-115.1198639,Vertebrates,aquatic,invertebrate,dir,manipulative,2,0.717459677,0.205806452,2,0.916834677,0.102903226
Keeley2016Canadian_Journal_of_Fisheries_and_Aquatic_Sciences,2016,44.35091667,-115.1198639,Vertebrates,aquatic,invertebrate,dir,manipulative,2,0.76891129,0.167217742,2,0.916834677,0.102903226
Keeley2016Canadian_Journal_of_Fisheries_and_Aquatic_Sciences,2016,44.35091667,-115.1198639,Vertebrates,aquatic,invertebrate,dir,manipulative,2,0.955423387,0.463064516,2,1.013306452,0.154354839
Keeley2016Canadian_Journal_of_Fisheries_and_Aquatic_Sciences,2016,44.35091667,-115.1198639,Vertebrates,aquatic,invertebrate,dir,manipulative,2,0.537379032,0.257258065,2,1.013306452,0.154354839
Keeley2016Canadian_Journal_of_Fisheries_and_Aquatic_Sciences,2016,44.35091667,-115.1198639,Vertebrates,aquatic,invertebrate,dir,manipulative,2,1.026169355,0.23796371,2,0.891108871,0.147923387
Keeley2016Canadian_Journal_of_Fisheries_and_Aquatic_Sciences,2016,44.35091667,-115.1198639,Vertebrates,aquatic,invertebrate,dir,manipulative,2,0.434475806,0.244395161,2,0.891108871,0.147923387
Keeley2016Canadian_Journal_of_Fisheries_and_Aquatic_Sciences,2016,44.35091667,-115.1198639,Vertebrates,aquatic,invertebrate,dir,manipulative,2,0.920506073,0.316417004,2,0.778441296,0.116234818
Keeley2016Canadian_Journal_of_Fisheries_and_Aquatic_Sciences,2016,44.35091667,-115.1198639,Vertebrates,aquatic,invertebrate,dir,manipulative,2,1.004453441,0.219554656,2,0.778441296,0.116234818
Keeley2016Canadian_Journal_of_Fisheries_and_Aquatic_Sciences,2016,44.35091667,-115.1198639,Vertebrates,aquatic,invertebrate,dir,manipulative,2,0.791356275,0.219554656,2,0.888218623,0.142064777
Keeley2016Canadian_Journal_of_Fisheries_and_Aquatic_Sciences,2016,44.35091667,-115.1198639,Vertebrates,aquatic,invertebrate,dir,manipulative,2,0.378076923,0.213097166,2,0.888218623,0.142064777
Klemmer_and_Richardson2013Ecology,2013,49.30972,-122.54944,Plant_litter,aquatic,invertebrate,dir,experimental,3,433,115,3,419,134
Klemmer_and_Richardson2013Ecology,2013,49.30972,-122.54944,Plant_litter,aquatic,invertebrate,dir,experimental,3,505,272,3,419,134
Klemmer_and_Richardson2013Ecology,2013,49.30972,-122.54944,Plant_litter,aquatic,invertebrate,dir,experimental,3,795,214,3,419,134
Klemmer_and_Richardson2013Ecology,2013,49.30972,-122.54944,Plant_litter,aquatic,invertebrate,dir,experimental,3,1482,130,3,419,134
Klemmer_and_Richardson2013Ecology,2013,49.30972,-122.54944,Plant_litter,aquatic,invertebrate,dir,experimental,3,695,238,3,660,247
Klemmer_and_Richardson2013Ecology,2013,49.30972,-122.54944,Plant_litter,aquatic,invertebrate,dir,experimental,3,330,51.2,3,660,247
Klemmer_and_Richardson2013Ecology,2013,49.30972,-122.54944,Plant_litter,aquatic,invertebrate,dir,experimental,3,482,266,3,660,247
Klemmer_and_Richardson2013Ecology,2013,49.30972,-122.54944,Plant_litter,aquatic,invertebrate,dir,experimental,3,395,100,3,660,247
Klemmer_and_Richardson2013Ecology,2013,49.30972,-122.54944,Plant_litter,aquatic,invertebrate,dir,experimental,3,5.97,1.7,3,15.6,2
Klemmer_and_Richardson2013Ecology,2013,49.30972,-122.54944,Plant_litter,aquatic,invertebrate,dir,experimental,3,25.4,3.83,3,15.6,2
Klemmer_and_Richardson2013Ecology,2013,49.30972,-122.54944,Plant_litter,aquatic,invertebrate,dir,experimental,3,31.7,3.34,3,15.6,2
Klemmer_and_Richardson2013Ecology,2013,49.30972,-122.54944,Plant_litter,aquatic,invertebrate,dir,experimental,3,66.5,8.82,3,15.6,2
Klemmer_and_Richardson2013Ecology,2013,49.30972,-122.54944,Plant_litter,aquatic,invertebrate,dir,experimental,3,9.15,1.94,3,15,2.23
Klemmer_and_Richardson2013Ecology,2013,49.30972,-122.54944,Plant_litter,aquatic,invertebrate,dir,experimental,3,9.78,1.72,3,15,2.23
Klemmer_and_Richardson2013Ecology,2013,49.30972,-122.54944,Plant_litter,aquatic,invertebrate,dir,experimental,3,17.5,2.04,3,15,2.23
Klemmer_and_Richardson2013Ecology,2013,49.30972,-122.54944,Plant_litter,aquatic,invertebrate,dir,experimental,3,17.7,1.78,3,15,2.23
Klemmer_and_Richardson2013Ecology,2013,49.30972,-122.54944,Plant_litter,aquatic,invertebrate,dir,experimental,3,39.9,7.78,3,28.2,1.59
Klemmer_and_Richardson2013Ecology,2013,49.30972,-122.54944,Plant_litter,aquatic,invertebrate,dir,experimental,3,20.7,5.78,3,28.2,1.59
Klemmer_and_Richardson2013Ecology,2013,49.30972,-122.54944,Plant_litter,aquatic,invertebrate,dir,experimental,3,32.5,9.93,3,28.2,1.59
Klemmer_and_Richardson2013Ecology,2013,49.30972,-122.54944,Plant_litter,aquatic,invertebrate,dir,experimental,3,40.8,5.71,3,28.2,1.59
Klemmer_and_Richardson2013Ecology,2013,49.30972,-122.54944,Plant_litter,aquatic,invertebrate,dir,experimental,3,24.4,9.01,3,22.4,9.19
Klemmer_and_Richardson2013Ecology,2013,49.30972,-122.54944,Plant_litter,aquatic,invertebrate,dir,experimental,3,38.1,3.5,3,22.4,9.19
Klemmer_and_Richardson2013Ecology,2013,49.30972,-122.54944,Plant_litter,aquatic,invertebrate,dir,experimental,3,7.74,4.2,3,22.4,9.19
Klemmer_and_Richardson2013Ecology,2013,49.30972,-122.54944,Plant_litter,aquatic,invertebrate,dir,experimental,3,54.3,29.1,3,22.4,9.19
Klemmer_and_Richardson2013Ecology,2013,49.30972,-122.54944,Plant_litter,aquatic,invertebrate,asc,experimental,3,2.76,0.217,3,2.69,0.201
Klemmer_and_Richardson2013Ecology,2013,49.30972,-122.54944,Plant_litter,aquatic,invertebrate,asc,experimental,3,3.21,0.477,3,2.69,0.201
Klemmer_and_Richardson2013Ecology,2013,49.30972,-122.54944,Plant_litter,aquatic,invertebrate,asc,experimental,3,3.59,0.125,3,2.69,0.201
Klemmer_and_Richardson2013Ecology,2013,49.30972,-122.54944,Plant_litter,aquatic,invertebrate,asc,experimental,3,3.53,0.28,3,2.69,0.201
Klemmer_and_Richardson2013Ecology,2013,49.30972,-122.54944,Plant_litter,aquatic,invertebrate,asc,experimental,3,3.11,0.238,3,2.35,0.262
Klemmer_and_Richardson2013Ecology,2013,49.30972,-122.54944,Plant_litter,aquatic,invertebrate,asc,experimental,3,2.67,0.255,3,2.35,0.262
Klemmer_and_Richardson2013Ecology,2013,49.30972,-122.54944,Plant_litter,aquatic,invertebrate,asc,experimental,3,2.73,0.167,3,2.35,0.262
Klemmer_and_Richardson2013Ecology,2013,49.30972,-122.54944,Plant_litter,aquatic,invertebrate,asc,experimental,3,3.36,0.357,3,2.35,0.262
Klemmer_and_Richardson2013Ecology,2013,49.30972,-122.54944,Plant_litter,aquatic,other,des,experimental,3,6.96,1.23,3,9.45,1.09
Klemmer_and_Richardson2013Ecology,2013,49.30972,-122.54944,Plant_litter,aquatic,other,des,experimental,3,4.49,1.86,3,9.45,1.09
Klemmer_and_Richardson2013Ecology,2013,49.30972,-122.54944,Plant_litter,aquatic,other,des,experimental,3,3.53,1.13,3,9.45,1.09
Klemmer_and_Richardson2013Ecology,2013,49.30972,-122.54944,Plant_litter,aquatic,other,des,experimental,3,3.76,1.82,3,9.45,1.09
Klemmer_and_Richardson2013Ecology,2013,49.30972,-122.54944,Plant_litter,aquatic,other,des,experimental,3,3.51,0.737,3,4.28,2.02
Klemmer_and_Richardson2013Ecology,2013,49.30972,-122.54944,Plant_litter,aquatic,other,des,experimental,3,5.89,1.3,3,4.28,2.02
Klemmer_and_Richardson2013Ecology,2013,49.30972,-122.54944,Plant_litter,aquatic,other,des,experimental,3,3.92,0.695,3,4.28,2.02
Klemmer_and_Richardson2013Ecology,2013,49.30972,-122.54944,Plant_litter,aquatic,other,des,experimental,3,5.13,1.06,3,4.28,2.02
Kraus_and_Vonesh.2012Oecologia,2012,37.33,-77.18,Plant_litter,aquatic,invertebrate,dir,experimental,10,23.3,4.49,10,6.65,2.5
Kraus_and_Vonesh.2012Oecologia,2012,37.33,-77.18,Plant_litter,aquatic,invertebrate,dir,experimental,10,22.3,6.5,10,6.65,2.5
Kraus_and_Vonesh.2012Oecologia,2012,37.33,-77.18,Plant_litter,aquatic,invertebrate,dir,experimental,10,1.22,0.725,10,0,0
Kraus_and_Vonesh.2012Oecologia,2012,37.33,-77.18,Plant_litter,aquatic,invertebrate,dir,experimental,10,6.95,5.9,10,0,0
Kraus_and_Vonesh.2012Oecologia,2012,37.33,-77.18,Plant_litter,aquatic,invertebrate,dir,experimental,10,2.25,0.633,10,0.687,0.385
Kraus_and_Vonesh.2012Oecologia,2012,37.33,-77.18,Plant_litter,aquatic,invertebrate,dir,experimental,10,1.58,0.376,10,0.687,0.385
Kraus_and_Vonesh.2012Oecologia,2012,37.33,-77.18,Plant_litter,aquatic,invertebrate,dir,experimental,10,0.092,0.059,10,0,0
Kraus_and_Vonesh.2012Oecologia,2012,37.33,-77.18,Plant_litter,aquatic,invertebrate,dir,experimental,10,0.568,0.548,10,0,0
Kraus_et_al.2014Ecological_Applications,2014,39,-106,Insects,terrestrial,invertebrate,dir,descriptive,8,0.8375,0.376889288,5,0.36,0.109936345
Kraus_et_al.2014Ecological_Applications,2014,39,-106,Insects,terrestrial,invertebrate,dir,descriptive,8,0.32,0.12,5,0.2,0.05
Mangano_et_al2015Mediterranean_Marine_Science,2015,38.06821667,14.58247222,Vertebrates,aquatic,invertebrate,dir,descriptive,3,1747.058824,477.1908764,3,1341.176471,479.4417767
Mangano_et_al2015Mediterranean_Marine_Science,2015,38.06821667,14.58247222,Vertebrates,aquatic,invertebrate,dir,descriptive,3,4054.411765,42.76710684,3,1341.176471,479.4417767
Mangano_et_al2015Mediterranean_Marine_Science,2015,38.06821667,14.58247222,Vertebrates,aquatic,invertebrate,dir,descriptive,3,1407.352941,483.9435774,3,1341.176471,479.4417767
Mangano_et_al2015Mediterranean_Marine_Science,2015,38.06821667,14.58247222,Vertebrates,aquatic,invertebrate,dir,descriptive,3,1102.639296,116.7035729,3,917.888563,82.29098091
Mangano_et_al2015Mediterranean_Marine_Science,2015,38.06821667,14.58247222,Vertebrates,aquatic,invertebrate,dir,descriptive,3,1439.882698,61.34418577,3,917.888563,82.29098091
Mangano_et_al2015Mediterranean_Marine_Science,2015,38.06821667,14.58247222,Vertebrates,aquatic,invertebrate,dir,descriptive,3,2137.829912,145.1313663,3,917.888563,82.29098091
McCaffery_and_Eby_Freshwater_Biology2016,2016,45.427388,-112.5760303,Insects,terrestrial,invertebrate,dir,descriptive,3,81.26691933,4.656199242,3,50.35192204,6.659447753
McCaffery_and_Eby_Freshwater_Biology2016,2016,45.427388,-112.5760303,Insects,terrestrial,vertebrate,dir,descriptive,3,16.83811586,0.920411478,3,9.474824039,1.62425555
Murakami_and_Nakano2002Ecology_Letters,2002,42.716667,141.6,Insects,terrestrial,vertebrate,dir,descriptive,3,4.671,1.0685,3,0.588,0.6495
Murakami_and_Nakano2002Ecology_Letters,2002,42.716667,141.6,Insects,terrestrial,vertebrate,dir,descriptive,3,1.588,1.0477,3,2.078,1.5084
Murakami_and_Nakano2002Ecology_Letters,2002,42.716667,141.6,Insects,terrestrial,vertebrate,dir,descriptive,3,0.6583,0.3038,3,0.1199,0.1152
Murakami_and_Nakano2002Ecology_Letters,2002,42.716667,141.6,Insects,terrestrial,invertebrate,des,descriptive,3,96.3779617,19.29197656,3,112.1274585,24.11481045
Nakano_et_al.1999Ecology,1999,42.71,141.6,Invertebrates,aquatic,invertebrate,des,manipulative,4,1154.150198,91.699605,4,553.359684,44.268775
Nowlin_et_al.2007Ecology,2007,39.510533,-84.7234,Insects,aquatic,other,des,experimental,3,0.6,0.3,3,0.6,0.1
Nowlin_et_al.2007Ecology,2007,39.510533,-84.7234,Insects,aquatic,other,des,experimental,3,1.3,0.2,3,0.6,0.1
Nowlin_et_al.2007Ecology,2007,39.510533,-84.7234,Insects,aquatic,other,des,experimental,3,1,0.7,3,0.6,0.1
Nowlin_et_al.2007Ecology,2007,39.510533,-84.7234,Insects,aquatic,invertebrate,des,experimental,3,122,54,3,28.2,7.6
Nowlin_et_al.2007Ecology,2007,39.510533,-84.7234,Insects,aquatic,invertebrate,des,experimental,3,220,74,3,28.2,7.6
Nowlin_et_al.2007Ecology,2007,39.510533,-84.7234,Insects,aquatic,invertebrate,des,experimental,3,410,98,3,28.2,7.6
Nowlin_et_al.2007Ecology,2007,39.510533,-84.7234,Insects,aquatic,other,dir,experimental,3,64.2,3.6,3,37.8,1.9
Nowlin_et_al.2007Ecology,2007,39.510533,-84.7234,Insects,aquatic,other,dir,experimental,3,54.8,8.4,3,37.8,1.9
Nowlin_et_al.2007Ecology,2007,39.510533,-84.7234,Insects,aquatic,other,dir,experimental,3,58.4,4,3,37.8,1.9
Nowlin_et_al.2007Ecology,2007,39.510533,-84.7234,Insects,aquatic,other,dir,experimental,3,2.1,1.3,3,0.8,0.3
Nowlin_et_al.2007Ecology,2007,39.510533,-84.7234,Insects,aquatic,other,dir,experimental,3,5,2.1,3,0.8,0.3
Nowlin_et_al.2007Ecology,2007,39.510533,-84.7234,Insects,aquatic,other,dir,experimental,3,2.7,1.2,3,0.8,0.3
Nowlin_et_al.2007Ecology,2007,39.510533,-84.7234,Insects,aquatic,other,dir,experimental,3,176.1,108,3,69,14.6
Nowlin_et_al.2007Ecology,2007,39.510533,-84.7234,Insects,aquatic,other,dir,experimental,3,321.2,144,3,69,14.6
Nowlin_et_al.2007Ecology,2007,39.510533,-84.7234,Insects,aquatic,other,dir,experimental,3,259.6,123.2,3,69,14.6
Nowlin_et_al.2007Ecology,2007,39.510533,-84.7234,Insects,aquatic,other,dir,experimental,3,0.86,0.2,3,0.7,0.1
Nowlin_et_al.2007Ecology,2007,39.510533,-84.7234,Insects,aquatic,other,dir,experimental,3,1.61,0.12,3,0.7,0.1
Nowlin_et_al.2007Ecology,2007,39.510533,-84.7234,Insects,aquatic,other,dir,experimental,3,12,11,3,0.7,0.1
Pilati_et_al.2009Ecological_Applications,2009,39.527096,-84.723623,Nutrients,aquatic,vertebrate,asc,experimental,12,2.1,2.07,12,0.194,0.201
Pilati_et_al.2009Ecological_Applications,2009,39.527096,-84.723623,Nutrients,aquatic,vertebrate,asc,experimental,12,2.45,1.56,12,0.194,0.201
Pilati_et_al.2009Ecological_Applications,2009,39.527096,-84.723623,Nutrients,aquatic,vertebrate,asc,experimental,12,3.39,0.703,12,2.32,0.145
Pilati_et_al.2009Ecological_Applications,2009,39.527096,-84.723623,Nutrients,aquatic,vertebrate,asc,experimental,12,3.51,0.078,12,2.32,0.145
Pilati_et_al.2009Ecological_Applications,2009,39.527096,-84.723623,Nutrients,aquatic,vertebrate,asc,experimental,12,2.83,0.095,12,2.48,0.163
Pilati_et_al.2009Ecological_Applications,2009,39.527096,-84.723623,Nutrients,aquatic,vertebrate,asc,experimental,12,3.08,0.222,12,2.48,0.163
Pilati_et_al.2009Ecological_Applications,2009,39.527096,-84.723623,Nutrients,aquatic,vertebrate,asc,experimental,12,1.28,0.325,12,0.872,0.12
Pilati_et_al.2009Ecological_Applications,2009,39.527096,-84.723623,Nutrients,aquatic,vertebrate,asc,experimental,12,1.44,0.202,12,0.872,0.12
Polis_and_Hurd1995Proceedings_of_the_National_Academy_of_Sciences_-_USA,1995,28.92,-113.5,Marine_debris,terrestrial,invertebrate,asc,descriptive,7,0.155,0.04,7,0.025,0.017
Polis_and_Hurd1995Proceedings_of_the_National_Academy_of_Sciences_-_USA,1995,28.92,-113.5,Seabird_derived,terrestrial,invertebrate,asc,descriptive,7,25.1,2.11,7,6.15,3.92
Polis_and_Hurd1995Proceedings_of_the_National_Academy_of_Sciences_-_USA,1995,28.92,-113.5,Seabird_derived,terrestrial,invertebrate,asc,descriptive,7,14.3,1.5,7,1.8,1.5
Polis_and_Hurd1995Proceedings_of_the_National_Academy_of_Sciences_-_USA,1995,28.92,-113.5,Marine_debris,terrestrial,invertebrate,dir,descriptive,7,175.8,2,7,1.6,2.5
Polis_and_Hurd1995Proceedings_of_the_National_Academy_of_Sciences_-_USA,1995,28.92,-113.5,Seabird_derived,terrestrial,invertebrate,dir,descriptive,7,17.6,4.1,7,6.2,1.2
Polis_and_Hurd1995Proceedings_of_the_National_Academy_of_Sciences_-_USA,1995,28.92,-113.5,Seabird_derived,terrestrial,invertebrate,dir,descriptive,7,12.3,1,7,4.5,1.8
Recalde_et_al2016Journal_of_Animal_Ecology,2016,-23.21666667,-46.93333333,Insects,terrestrial,invertebrate,dir,manipulative,4,1.496492595,0.68589244,4,1.995323461,1.091192518
Recalde_et_al2016Journal_of_Animal_Ecology,2016,-23.21666667,-46.93333333,Insects,terrestrial,invertebrate,dir,manipulative,4,0.42996139,0.109343629,4,0.467644788,0.132200772
Recalde_et_al2016Journal_of_Animal_Ecology,2016,-23.21666667,-46.93333333,Insects,terrestrial,invertebrate,dir,manipulative,4,0.309498069,0.064247104,4,0.183474903,0.073513514
Recalde_et_al2016Journal_of_Animal_Ecology,2016,-23.21666667,-46.93333333,Insects,terrestrial,invertebrate,dir,manipulative,4,0.071538462,0.016,4,0.097692308,0.012153846
Rose_and_Polis1998Ecology,1998,28.92,-113.5,Marine_debris,terrestrial,vertebrate,dir,descriptive,4,14.2,2.216,4,2.799,1.4242
Sabo_and_Power2002aEcoogy,2002,39.73,-123.39,Insects,terrestrial,invertebrate,des,manipulative,4,7.337278107,1.952662722,4,7.455621302,3.195266272
Sabo_and_Power2002aEcoogy,2002,39.73,-123.39,Insects,terrestrial,invertebrate,des,manipulative,4,1.635412656,0.647220493,4,1.150353301,0.620239086
Sabo_and_Power2002aEcoogy,2002,39.73,-123.39,Insects,terrestrial,invertebrate,des,manipulative,4,3.073319624,2.171682045,4,2.991828253,2.464120757
Sabo_and_Power2002aEcoogy,2002,39.73,-123.39,Insects,terrestrial,invertebrate,dir,manipulative,4,2.994086433,1.153813229,4,2.236773231,0.487165586
Sabo_and_Power2002Ecology,2002,39.73,-123.39,Insects,terrestrial,invertebrate,des,manipulative,4,3.021671827,0.643962848,4,1.634674923,0.643962848
Sabo_and_Power2002Ecology,2002,39.73,-123.39,Insects,terrestrial,invertebrate,des,manipulative,4,1.135802469,0.49382716,4,0,0
Sabo_and_Power2002Ecology,2002,39.73,-123.39,Insects,terrestrial,invertebrate,des,manipulative,4,0.193939394,0.096969697,4,0.727272727,0.436363636
Sabo_and_Power2002Ecology,2002,39.73,-123.39,Insects,terrestrial,vertebrate,dir,manipulative,4,3.37,1.06,4,2.12,0.12
Sale_and_Arnould2012Australian_Journal_of_Zoology,2012,-38.741667,145.216667,Seabird_derived,terrestrial,vertebrate,asc,descriptive,5,930.9656554,131.2649165,7,212.0632527,101.4319809
Sale_and_Arnould2012Australian_Journal_of_Zoology,2012,-38.741667,145.216667,Seabird_derived,terrestrial,vertebrate,asc,descriptive,5,3820.955933,1497.613365,7,496.4504673,119.3317422
Sale_and_Arnould2012Australian_Journal_of_Zoology,2012,-38.741667,145.216667,Seabird_derived,terrestrial,vertebrate,asc,descriptive,5,5312.664431,274.4630072,7,398.4286026,77.56563246
Sale_and_Arnould2012Australian_Journal_of_Zoology,2012,-38.741667,145.216667,Seabird_derived,terrestrial,vertebrate,asc,descriptive,5,5011.289459,83.53221957,7,694.8751017,184.9642005
Samways_and_Cunjak2015Freshwater_Biology,2015,45.95856944,-66.84351389,Vertebrates,aquatic,other,dir,experimental,2,24.3803056,4.753820034,2,6.315789474,2.512733447
Samways_and_Cunjak2015Freshwater_Biology,2015,45.95856944,-66.84351389,Vertebrates,aquatic,other,dir,experimental,4,34.70288625,1.290322581,4,10.39049236,0.679117148
Sanchez-Pinero_and_Polis2000Ecology,2000,28.5,-113.3,Seabird_derived,terrestrial,invertebrate,asc,descriptive,4,9.926954996,5.392022813,4,1.796804738,1.032501005
Sanchez-Pinero_and_Polis2000Ecology,2000,28.5,-113.3,Seabird_derived,terrestrial,invertebrate,asc,descriptive,4,26.50095602,11.70172084,4,5.850860421,3.326959847
Sanchez-Pinero_and_Polis2000Ecology,2000,28.5,-113.3,Seabird_derived,terrestrial,invertebrate,asc,descriptive,4,4.253617143,1.528472338,4,3.0574214,2.40183062
Sanchez-Pinero_and_Polis2000Ecology,2000,28.5,-113.3,Seabird_derived,terrestrial,other,dir,descriptive,280,42.11064629,2.97515581,280,30.47844276,3.842909588
Sanchez-Pinero_and_Polis2000Ecology,2000,28.5,-113.3,Seabird_derived,terrestrial,other,dir,descriptive,280,49.000683,5.764620507,280,30.47844276,3.842909588
Sato_et_al2016Journal_of_Animal_Ecology,2016,49.26666667,-122.5666667,Insects,aquatic,vertebrate,dir,manipulative,4,5.192761605,2.114870181,4,2.498819827,1.447678993
Sato_et_al2016Journal_of_Animal_Ecology,2016,49.26666667,-122.5666667,Insects,aquatic,vertebrate,dir,manipulative,4,2.38552321,1.044846577,4,1.831628639,0.409126672
Sato_et_al2016Journal_of_Animal_Ecology,2016,49.26666667,-122.5666667,Insects,aquatic,invertebrate,des,manipulative,4,24.47819315,21.47975078,4,46.61214953,15.31931464
Sato_et_al2016Journal_of_Animal_Ecology,2016,49.26666667,-122.5666667,Insects,aquatic,invertebrate,des,manipulative,4,28.13084112,14.99221184,4,21.04361371,24.91433022
Shantz_et_al2015Ecological_Applications,2015,24.992,-80.408,Nutrients,aquatic,other,dir,descriptive,10,28.10693642,3.121387283,10,25.80924855,2.904624277
Shantz_et_al2015Ecological_Applications,2015,24.992,-80.408,Nutrients,aquatic,other,dir,descriptive,10,2.385057471,0.761494253,10,2.327586207,0.66091954
Shantz_et_al2015Ecological_Applications,2015,24.992,-80.408,Nutrients,aquatic,other,dir,descriptive,10,21.93965517,2.155172414,10,13.23275862,2.24137931
Shantz_et_al2015Ecological_Applications,2015,24.992,-80.408,Nutrients,aquatic,other,dir,descriptive,10,16.46551724,1.594827586,10,20.0862069,1.853448276
Shantz_et_al2015Ecological_Applications,2015,24.992,-80.408,Nutrients,aquatic,other,dir,descriptive,10,1.357142857,0.771428571,10,0.342857143,0.314285714
Shantz_et_al2015Ecological_Applications,2015,24.992,-80.408,Nutrients,aquatic,other,dir,descriptive,10,4.441260745,1.805157593,10,3.638968481,1.461318052
Shantz_et_al2015Ecological_Applications,2015,24.992,-80.408,Nutrients,aquatic,other,dir,descriptive,10,1.451149425,0.416666667,10,2.485632184,0.847701149
Smith_et_al2018Science_of_the_Total_Environment,2018,46.47,-80.95,Nutrients,aquatic,other,dir,experimental,20,0.437459807,0.034244373,20,0.345337621,0.034244373
Smith_et_al2018Science_of_the_Total_Environment,2018,46.47,-80.95,Nutrients,aquatic,other,asc,experimental,20,2672.16649,570.9133214,20,1911.106157,459.6445978
Smith_et_al2018Science_of_the_Total_Environment,2018,46.47,-80.95,Nutrients,aquatic,other,asc,experimental,20,110.951423,20.54227921,20,78.254229,15.57453547
Smith_et_al2018Science_of_the_Total_Environment,2018,46.47,-80.95,Nutrients,aquatic,other,asc,experimental,20,155.0299478,40.67534892,20,191.4926514,50.24210172
Spiller_et_al.2010Ecology,2010,23.533333,-75.833333,Algae,terrestrial,vertebrate,asc,manipulative,11,0.22,0.035,18,0.156,0.011
Spiller_et_al.2010Ecology,2010,23.533333,-75.833333,Algae,terrestrial,invertebrate,asc,manipulative,11,0.089,0.032,18,0.085,0.016
Spiller_et_al.2010Ecology,2010,23.533333,-75.833333,Algae,terrestrial,invertebrate,dir,manipulative,11,1.79,0.54,18,0.82,0.12
Spiller_et_al.2010Ecology,2010,23.533333,-75.833333,Algae,terrestrial,invertebrate,dir,manipulative,11,14.6,8.9,18,0.748,0.2
Stoler_et_al2017Freshwater_Science,2017,43.42618056,-73.71222222,Plant_litter,aquatic,other,dir,experimental,4,5.385416667,0.619791667,4,6.0625,0.348958333
Stoler_et_al2017Freshwater_Science,2017,43.42618056,-73.71222222,Plant_litter,aquatic,other,dir,experimental,4,4.671875,0.135416667,4,6.078125,0.385416667
Stoler_et_al2017Freshwater_Science,2017,43.42618056,-73.71222222,Plant_litter,aquatic,other,dir,experimental,4,5.041666667,0.375,4,5.755208333,0.421875
Stoler_et_al2017Freshwater_Science,2017,43.42618056,-73.71222222,Plant_litter,aquatic,other,dir,experimental,4,5.442708333,0.203125,4,5.833333333,0.572916667
Stoler_et_al2017Freshwater_Science,2017,43.42618056,-73.71222222,Plant_litter,aquatic,other,dir,experimental,4,4.921875,0.328125,4,6.0625,0.348958333
Stoler_et_al2017Freshwater_Science,2017,43.42618056,-73.71222222,Plant_litter,aquatic,other,dir,experimental,4,4.567708333,0.338541667,4,6.078125,0.385416667
Stoler_et_al2017Freshwater_Science,2017,43.42618056,-73.71222222,Plant_litter,aquatic,other,dir,experimental,4,4.713541667,0.166666667,4,5.755208333,0.421875
Stoler_et_al2017Freshwater_Science,2017,43.42618056,-73.71222222,Plant_litter,aquatic,other,dir,experimental,4,6.5625,0.239583333,4,5.833333333,0.572916667
Stoler_et_al2017Freshwater_Science,2017,43.42618056,-73.71222222,Plant_litter,aquatic,invertebrate,asc,experimental,4,2.658119658,0.683760684,4,0.658119658,0.461538462
Stoler_et_al2017Freshwater_Science,2017,43.42618056,-73.71222222,Plant_litter,aquatic,invertebrate,asc,experimental,4,3.444444444,0.076923077,4,0.452991453,0.273504274
Stoler_et_al2017Freshwater_Science,2017,43.42618056,-73.71222222,Plant_litter,aquatic,invertebrate,asc,experimental,4,2.871794872,0.418803419,4,0.35042735,0.358974359
Stoler_et_al2017Freshwater_Science,2017,43.42618056,-73.71222222,Plant_litter,aquatic,invertebrate,asc,experimental,4,2.008547009,0.512820513,4,0.452991453,0.273504274
Stoler_et_al2017Freshwater_Science,2017,43.42618056,-73.71222222,Plant_litter,aquatic,invertebrate,asc,experimental,4,3.606837607,0.256410256,4,0.658119658,0.461538462
Stoler_et_al2017Freshwater_Science,2017,43.42618056,-73.71222222,Plant_litter,aquatic,invertebrate,asc,experimental,4,2.957264957,0.264957265,4,0.452991453,0.273504274
Stoler_et_al2017Freshwater_Science,2017,43.42618056,-73.71222222,Plant_litter,aquatic,invertebrate,asc,experimental,4,3.273504274,0.068376068,4,0.35042735,0.358974359
Stoler_et_al2017Freshwater_Science,2017,43.42618056,-73.71222222,Plant_litter,aquatic,invertebrate,asc,experimental,4,1.324786325,0.222222222,4,0.452991453,0.273504274
Stoler_et_al2017Freshwater_Science,2017,43.42618056,-73.71222222,Plant_litter,aquatic,invertebrate,asc,experimental,4,2.090146751,0.513626834,4,1.890985325,0.660377358
Stoler_et_al2017Freshwater_Science,2017,43.42618056,-73.71222222,Plant_litter,aquatic,invertebrate,asc,experimental,4,2.341719078,0.209643606,4,2.561844864,0.555555556
Stoler_et_al2017Freshwater_Science,2017,43.42618056,-73.71222222,Plant_litter,aquatic,invertebrate,asc,experimental,4,3.085953878,0.807127883,4,3.033542977,0.398322851
Stoler_et_al2017Freshwater_Science,2017,43.42618056,-73.71222222,Plant_litter,aquatic,invertebrate,asc,experimental,4,5.968553459,0.324947589,4,2.289308176,0.419287212
Stoler_et_al2017Freshwater_Science,2017,43.42618056,-73.71222222,Plant_litter,aquatic,invertebrate,asc,experimental,4,2.761006289,0.230607966,4,1.890985325,0.660377358
Stoler_et_al2017Freshwater_Science,2017,43.42618056,-73.71222222,Plant_litter,aquatic,invertebrate,asc,experimental,4,1.34591195,0.251572327,4,2.561844864,0.555555556
Stoler_et_al2017Freshwater_Science,2017,43.42618056,-73.71222222,Plant_litter,aquatic,invertebrate,asc,experimental,4,2.457023061,0.482180294,4,3.033542977,0.398322851
Stoler_et_al2017Freshwater_Science,2017,43.42618056,-73.71222222,Plant_litter,aquatic,invertebrate,asc,experimental,4,3.914046122,0.72327044,4,2.289308176,0.419287212
Vanderklift_et_al.2008Oecologia,2008,-31.88,115.7,Algae,aquatic,invertebrate,dir,descriptive,5,29.4,2.57,5,27.7,8.47
Vanderklift_et_al.2008Oecologia,2008,-31.88,115.7,Algae,aquatic,invertebrate,dir,descriptive,5,28,6.32,5,27.7,8.47
Vanderklift_et_al.2008Oecologia,2008,-31.88,115.7,Algae,aquatic,invertebrate,dir,descriptive,5,39.8,10.4,5,27.7,8.47
Vanderklift_et_al.2008Oecologia,2008,-31.88,115.7,Algae,aquatic,invertebrate,dir,descriptive,5,45.5,14.3,5,27.7,8.47
Vanderklift_et_al.2008Oecologia,2008,-31.88,115.7,Algae,aquatic,invertebrate,dir,descriptive,5,19.2,6.83,5,27.7,8.47
Vanderklift_et_al.2008Oecologia,2008,-31.88,115.7,Algae,aquatic,invertebrate,dir,descriptive,5,20.4,5.64,5,27.7,8.47
Vanderklift_et_al.2008Oecologia,2008,-31.88,115.7,Algae,aquatic,invertebrate,dir,descriptive,5,20.6,8.24,5,27.7,8.47
Vanderklift_et_al.2008Oecologia,2008,-31.88,115.7,Algae,aquatic,invertebrate,dir,descriptive,5,6.45,4.43,5,2.34,1.64
Vanderklift_et_al.2008Oecologia,2008,-31.88,115.7,Algae,aquatic,invertebrate,dir,descriptive,5,2.9,2.31,5,2.34,1.64
Vanderklift_et_al.2008Oecologia,2008,-31.88,115.7,Algae,aquatic,invertebrate,dir,descriptive,5,2.51,1.55,5,2.34,1.64
Vanderklift_et_al.2008Oecologia,2008,-31.88,115.7,Algae,aquatic,invertebrate,dir,descriptive,5,0.726,0.754,5,2.34,1.64
Vanderklift_et_al.2008Oecologia,2008,-31.88,115.7,Algae,aquatic,invertebrate,dir,descriptive,5,18.4,5.56,5,2.34,1.64
Vanderklift_et_al.2008Oecologia,2008,-31.88,115.7,Algae,aquatic,invertebrate,dir,descriptive,5,1.43,0.652,5,2.34,1.64
Vanderklift_et_al.2008Oecologia,2008,-31.88,115.7,Algae,aquatic,invertebrate,dir,descriptive,5,1.56,0.906,5,2.34,1.64
Vanderklift_et_al.2008Oecologia,2008,-31.88,115.7,Algae,aquatic,invertebrate,dir,descriptive,5,0.711,1.74,5,2.35,1.87
Vanderklift_et_al.2008Oecologia,2008,-31.88,115.7,Algae,aquatic,invertebrate,dir,descriptive,5,0.722,1.26,5,2.35,1.87
Vanderklift_et_al.2008Oecologia,2008,-31.88,115.7,Algae,aquatic,invertebrate,dir,descriptive,5,5.44,3.19,5,2.35,1.87
Vanderklift_et_al.2008Oecologia,2008,-31.88,115.7,Algae,aquatic,invertebrate,dir,descriptive,5,0.946,0.939,5,2.35,1.87
Vanderklift_et_al.2008Oecologia,2008,-31.88,115.7,Algae,aquatic,invertebrate,dir,descriptive,5,0.421,0.523,5,2.35,1.87
Vanderklift_et_al.2008Oecologia,2008,-31.88,115.7,Algae,aquatic,invertebrate,dir,descriptive,5,2.15,1.78,5,2.35,1.87
Vanderklift_et_al.2008Oecologia,2008,-31.88,115.7,Algae,aquatic,invertebrate,dir,descriptive,5,0.344,1.27,5,2.35,1.87
Vanderklift_et_al.2008Oecologia,2008,-31.88,115.7,Algae,aquatic,invertebrate,dir,descriptive,5,0.577,1.3,5,0.834,1.15
Vanderklift_et_al.2008Oecologia,2008,-31.88,115.7,Algae,aquatic,invertebrate,dir,descriptive,5,0.205,1.7,5,0.834,1.15
Vanderklift_et_al.2008Oecologia,2008,-31.88,115.7,Algae,aquatic,invertebrate,dir,descriptive,5,0.414,1.34,5,0.834,1.15
Vanderklift_et_al.2008Oecologia,2008,-31.88,115.7,Algae,aquatic,invertebrate,dir,descriptive,5,1.63,0.949,5,0.834,1.15
Vanderklift_et_al.2008Oecologia,2008,-31.88,115.7,Algae,aquatic,invertebrate,dir,descriptive,5,0.376,0.444,5,0.834,1.15
Vanderklift_et_al.2008Oecologia,2008,-31.88,115.7,Algae,aquatic,invertebrate,dir,descriptive,5,0.281,1.61,5,0.834,1.15
Vanderklift_et_al.2008Oecologia,2008,-31.88,115.7,Algae,aquatic,invertebrate,dir,descriptive,5,0.151,1.45,5,0.834,1.15
Vanderklift_et_al.2008Oecologia,2008,-31.88,115.7,Algae,aquatic,invertebrate,dir,descriptive,5,0.301,0.798,5,0.181,0.623
Vanderklift_et_al.2008Oecologia,2008,-31.88,115.7,Algae,aquatic,invertebrate,dir,descriptive,5,0.217,0.7,5,0.181,0.623
Vanderklift_et_al.2008Oecologia,2008,-31.88,115.7,Algae,aquatic,invertebrate,dir,descriptive,5,0.211,2.02,5,0.181,0.623
Vanderklift_et_al.2008Oecologia,2008,-31.88,115.7,Algae,aquatic,invertebrate,dir,descriptive,5,0.416,1.56,5,0.181,0.623
Vanderklift_et_al.2008Oecologia,2008,-31.88,115.7,Algae,aquatic,invertebrate,dir,descriptive,5,0.287,1.13,5,0.181,0.623
Vanderklift_et_al.2008Oecologia,2008,-31.88,115.7,Algae,aquatic,invertebrate,dir,descriptive,5,0.168,0.619,5,0.181,0.623
Vanderklift_et_al.2008Oecologia,2008,-31.88,115.7,Algae,aquatic,invertebrate,dir,descriptive,5,0.213,1.61,5,0.181,0.623
Verspoor_et_al.2011Ecosphere,2011,54.202968,-123.87742,Vertebrates,aquatic,invertebrate,dir,descriptive,11,1194.636364,192.7458653,7,561.8571429,87.85876886
Verspoor_et_al.2011Ecosphere,2011,54.202968,-123.87742,Vertebrates,aquatic,invertebrate,dir,descriptive,12,723.1666667,161.4521617,5,340.22,147.4033184
Verspoor_et_al.2011Ecosphere,2011,54.202968,-123.87742,Vertebrates,aquatic,invertebrate,dir,descriptive,13,716.8692308,148.2523202,7,436.2857143,192.6712861
Wallace_et_al.1997Science,1997,35.059725,-83.430557,Plant_litter,aquatic,invertebrate,asc,manipulative,36,2883,2121,12,9519,4649
Wallace_et_al.1997Science,1997,35.059725,-83.430557,Plant_litter,aquatic,vertebrate,asc,manipulative,36,1,2,12,11,13
Wallace_et_al.1997Science,1997,35.059725,-83.430557,Plant_litter,aquatic,invertebrate,asc,manipulative,36,943,352,12,179,140
Wallace_et_al.1997Science,1997,35.059725,-83.430557,Plant_litter,aquatic,vertebrate,asc,manipulative,36,103,140,12,5,19
Wallace_et_al.1997Science,1997,35.059725,-83.430557,Plant_litter,aquatic,invertebrate,asc,manipulative,36,2666,1471,12,2055,1374
Wallace_et_al.1997Science,1997,35.059725,-83.430557,Plant_litter,aquatic,vertebrate,asc,manipulative,36,1,4,12,1,5
Wallace_et_al.1997Science,1997,35.059725,-83.430557,Plant_litter,aquatic,invertebrate,asc,manipulative,36,59,42,12,42,46
Wallace_et_al.1997Science,1997,35.059725,-83.430557,Plant_litter,aquatic,vertebrate,asc,manipulative,36,17,67,12,12,73
Wallace_et_al.1997Science,1997,35.059725,-83.430557,Plant_litter,aquatic,invertebrate,dir,manipulative,36,367,314,12,17,34
Wallace_et_al.1997Science,1997,35.059725,-83.430557,Plant_litter,aquatic,invertebrate,dir,manipulative,36,554,431,12,2951,1884
Wallace_et_al.1997Science,1997,35.059725,-83.430557,Plant_litter,aquatic,invertebrate,dir,manipulative,36,18019,9874,12,81453,41703
Wallace_et_al.1997Science,1997,35.059725,-83.430557,Plant_litter,aquatic,invertebrate,dir,manipulative,36,188,233,12,414,398
Wallace_et_al.1997Science,1997,35.059725,-83.430557,Plant_litter,aquatic,invertebrate,dir,manipulative,36,19128,10237,12,84835,14927
Wallace_et_al.1997Science,1997,35.059725,-83.430557,Plant_litter,aquatic,invertebrate,dir,manipulative,36,3,6,12,6,7
Wallace_et_al.1997Science,1997,35.059725,-83.430557,Plant_litter,aquatic,invertebrate,dir,manipulative,36,764,472,12,234,250
Wallace_et_al.1997Science,1997,35.059725,-83.430557,Plant_litter,aquatic,invertebrate,dir,manipulative,36,270,100,12,74,37
Wallace_et_al.1997Science,1997,35.059725,-83.430557,Plant_litter,aquatic,invertebrate,dir,manipulative,36,38,25,12,27,24
Wallace_et_al.1997Science,1997,35.059725,-83.430557,Plant_litter,aquatic,invertebrate,dir,manipulative,36,1075,501,12,341,257
Wallace_et_al.1997Science,1997,35.059725,-83.430557,Plant_litter,aquatic,invertebrate,dir,manipulative,36,239,266,12,383,537
Wallace_et_al.1997Science,1997,35.059725,-83.430557,Plant_litter,aquatic,invertebrate,dir,manipulative,36,901,784,12,608,542
Wallace_et_al.1997Science,1997,35.059725,-83.430557,Plant_litter,aquatic,invertebrate,dir,manipulative,36,11929,7509,12,11613,9590
Wallace_et_al.1997Science,1997,35.059725,-83.430557,Plant_litter,aquatic,invertebrate,dir,manipulative,36,1181,1455,12,715,1073
Wallace_et_al.1997Science,1997,35.059725,-83.430557,Plant_litter,aquatic,invertebrate,dir,manipulative,36,14250,7566,12,13319,10665
Wallace_et_al.1997Science,1997,35.059725,-83.430557,Plant_litter,aquatic,invertebrate,dir,manipulative,36,17,16,12,25,47
Wallace_et_al.1997Science,1997,35.059725,-83.430557,Plant_litter,aquatic,invertebrate,dir,manipulative,36,73,86,12,40,43
Wallace_et_al.1997Science,1997,35.059725,-83.430557,Plant_litter,aquatic,invertebrate,dir,manipulative,36,93,88,12,62,47
Wallace_et_al.1997Science,1997,35.059725,-83.430557,Plant_litter,aquatic,invertebrate,dir,manipulative,36,241,277,12,136,115
Wallace_et_al.1997Science,1997,35.059725,-83.430557,Plant_litter,aquatic,invertebrate,dir,manipulative,36,424,290,12,263,166
Wallace_et_al2015Ecology,2015,35.05975278,-83.43051389,Plant_litter,aquatic,invertebrate,dir,manipulative,8,2691,231,24,342,71
Wallace_et_al2015Ecology,2015,35.05975278,-83.43051389,Plant_litter,aquatic,invertebrate,dir,manipulative,8,743,71,24,495,84
Wallace_et_al2015Ecology,2015,35.05975278,-83.43051389,Plant_litter,aquatic,invertebrate,dir,manipulative,8,103,12,24,386,24
Wallace_et_al2015Ecology,2015,35.05975278,-83.43051389,Plant_litter,aquatic,invertebrate,dir,manipulative,8,264,20,24,530,117
Wallace_et_al2015Ecology,2015,35.05975278,-83.43051389,Plant_litter,aquatic,invertebrate,dir,manipulative,8,73028,5592,24,11805,2063
Wallace_et_al2015Ecology,2015,35.05975278,-83.43051389,Plant_litter,aquatic,invertebrate,dir,manipulative,8,14689,1348,24,19234,6092
Wallace_et_al2015Ecology,2015,35.05975278,-83.43051389,Plant_litter,aquatic,invertebrate,dir,manipulative,8,418,37,24,222,41
Wallace_et_al2015Ecology,2015,35.05975278,-83.43051389,Plant_litter,aquatic,invertebrate,dir,manipulative,8,1030,108,24,830,129
Wallace_et_al2015Ecology,2015,35.05975278,-83.43051389,Plant_litter,aquatic,invertebrate,asc,manipulative,8,9235,55,24,2021,371
Wallace_et_al2015Ecology,2015,35.05975278,-83.43051389,Plant_litter,aquatic,invertebrate,asc,manipulative,8,2548,183,24,2048,183
Wimp_et_al.2010Ecology,2010,39.502222,-74.316667,Nutrients,terrestrial,invertebrate,asc,manipulative,14,3742,589,14,2342,404
Wimp_et_al.2010Ecology,2010,39.502222,-74.316667,Nutrients,terrestrial,invertebrate,asc,manipulative,14,4882,940,14,2342,404
Wimp_et_al.2010Ecology,2010,39.502222,-74.316667,Nutrients,terrestrial,invertebrate,asc,manipulative,14,1065,157,14,513,151
Wimp_et_al.2010Ecology,2010,39.502222,-74.316667,Nutrients,terrestrial,invertebrate,asc,manipulative,14,1684,321,14,513,151
Wimp_et_al.2010Ecology,2010,39.502222,-74.316667,Nutrients,terrestrial,invertebrate,asc,manipulative,14,1582,227,14,1017,199
Wimp_et_al.2010Ecology,2010,39.502222,-74.316667,Nutrients,terrestrial,invertebrate,asc,manipulative,14,2599,359,14,1017,199
Wimp_et_al.2010Ecology,2010,39.502222,-74.316667,Nutrients,terrestrial,invertebrate,asc,manipulative,14,2080,199,14,1523,175
Wimp_et_al.2010Ecology,2010,39.502222,-74.316667,Nutrients,terrestrial,invertebrate,asc,manipulative,14,2655,311,14,1523,175
Wimp_et_al.2010Ecology,2010,39.502222,-74.316667,Nutrients,terrestrial,other,dir,manipulative,14,523.7,56.1,14,345.5,23.3
Wimp_et_al.2010Ecology,2010,39.502222,-74.316667,Nutrients,terrestrial,other,dir,manipulative,14,709.2,92.8,14,345.5,23.3
Wipfli_et_al.1999Canadian_Journal_of_Fisheries_and_Aquatic_Sciences,1999,55.627123,-131.498864,Vertebrates,aquatic,invertebrate,asc,manipulative,6,30.51282051,3.974358974,6,24.23076923,2.179487179
Wipfli_et_al.1999Canadian_Journal_of_Fisheries_and_Aquatic_Sciences,1999,55.627123,-131.498864,Vertebrates,aquatic,invertebrate,dir,experimental,6,29.23574781,3.086784806,6,9.617046794,1.350468353
Wipfli_et_al.1999Canadian_Journal_of_Fisheries_and_Aquatic_Sciences,1999,55.627123,-131.498864,Vertebrates,aquatic,invertebrate,dir,experimental,6,34.57868944,2.12154422,6,9.617046794,1.350468353
Wipfli_et_al.1999Canadian_Journal_of_Fisheries_and_Aquatic_Sciences,1999,55.627123,-131.498864,Vertebrates,aquatic,invertebrate,dir,experimental,6,37.99177023,2.12154422,6,9.617046794,1.350468353
Wipfli_et_al.1999Canadian_Journal_of_Fisheries_and_Aquatic_Sciences,1999,55.627123,-131.498864,Vertebrates,aquatic,invertebrate,dir,experimental,6,42.17592688,4.051405058,6,9.617046794,1.350468353
Wipfli_et_al.1999Canadian_Journal_of_Fisheries_and_Aquatic_Sciences,1999,55.627123,-131.498864,Vertebrates,aquatic,invertebrate,dir,experimental,6,51.95550133,4.630797543,6,9.617046794,1.350468353
Wipfli_et_al.1999Canadian_Journal_of_Fisheries_and_Aquatic_Sciences,1999,55.627123,-131.498864,Vertebrates,aquatic,invertebrate,dir,experimental,6,6.945337621,0.617363344,6,2.443729904,0.334405145
Wipfli_et_al.1999Canadian_Journal_of_Fisheries_and_Aquatic_Sciences,1999,55.627123,-131.498864,Vertebrates,aquatic,invertebrate,dir,experimental,6,5.736334405,0.745980707,6,2.443729904,0.334405145
Wipfli_et_al.1999Canadian_Journal_of_Fisheries_and_Aquatic_Sciences,1999,55.627123,-131.498864,Vertebrates,aquatic,invertebrate,dir,experimental,6,6.45659164,0.77170418,6,2.443729904,0.334405145
Wipfli_et_al.1999Canadian_Journal_of_Fisheries_and_Aquatic_Sciences,1999,55.627123,-131.498864,Vertebrates,aquatic,invertebrate,dir,experimental,6,6.327974277,0.848874598,6,2.443729904,0.334405145
Wipfli_et_al.1999Canadian_Journal_of_Fisheries_and_Aquatic_Sciences,1999,55.627123,-131.498864,Vertebrates,aquatic,invertebrate,dir,experimental,6,5.762057878,0.463022508,6,2.443729904,0.334405145
Wipfli_et_al.1999Canadian_Journal_of_Fisheries_and_Aquatic_Sciences,1999,55.627123,-131.498864,Vertebrates,aquatic,invertebrate,dir,experimental,6,6.147909968,2.237942122,6,1.337620579,0.334405145
Wipfli_et_al.1999Canadian_Journal_of_Fisheries_and_Aquatic_Sciences,1999,55.627123,-131.498864,Vertebrates,aquatic,invertebrate,dir,experimental,6,5.067524116,0.926045016,6,1.337620579,0.334405145
Wipfli_et_al.1999Canadian_Journal_of_Fisheries_and_Aquatic_Sciences,1999,55.627123,-131.498864,Vertebrates,aquatic,invertebrate,dir,experimental,6,4.424437299,1.749196141,6,1.337620579,0.334405145
Wipfli_et_al.1999Canadian_Journal_of_Fisheries_and_Aquatic_Sciences,1999,55.627123,-131.498864,Vertebrates,aquatic,invertebrate,dir,experimental,6,3.035369775,0.848874598,6,1.337620579,0.334405145
Wipfli_et_al.1999Canadian_Journal_of_Fisheries_and_Aquatic_Sciences,1999,55.627123,-131.498864,Vertebrates,aquatic,invertebrate,dir,experimental,6,1.800643087,0.231511254,6,1.337620579,0.334405145
Wipfli_et_al.1999Canadian_Journal_of_Fisheries_and_Aquatic_Sciences,1999,55.627123,-131.498864,Vertebrates,aquatic,invertebrate,dir,experimental,6,2.971061093,0.308681672,6,1.633440514,0.128617363
Wipfli_et_al.1999Canadian_Journal_of_Fisheries_and_Aquatic_Sciences,1999,55.627123,-131.498864,Vertebrates,aquatic,invertebrate,dir,experimental,6,2.173633441,0.308681672,6,1.633440514,0.128617363
Wipfli_et_al.1999Canadian_Journal_of_Fisheries_and_Aquatic_Sciences,1999,55.627123,-131.498864,Vertebrates,aquatic,invertebrate,dir,experimental,6,2.855305466,0.180064309,6,1.633440514,0.128617363
Wipfli_et_al.1999Canadian_Journal_of_Fisheries_and_Aquatic_Sciences,1999,55.627123,-131.498864,Vertebrates,aquatic,invertebrate,dir,experimental,6,2.327974277,0.347266881,6,1.633440514,0.128617363
Wipfli_et_al.1999Canadian_Journal_of_Fisheries_and_Aquatic_Sciences,1999,55.627123,-131.498864,Vertebrates,aquatic,invertebrate,dir,experimental,6,1.581993569,0.360128617,6,1.633440514,0.128617363
Wipfli_et_al.1999Canadian_Journal_of_Fisheries_and_Aquatic_Sciences,1999,55.627123,-131.498864,Vertebrates,aquatic,invertebrate,dir,experimental,6,1.653846154,0.282051282,6,1.467948718,0.08974359
Wipfli_et_al.1999Canadian_Journal_of_Fisheries_and_Aquatic_Sciences,1999,55.627123,-131.498864,Vertebrates,aquatic,invertebrate,dir,experimental,6,1.493589744,0.128205128,6,1.467948718,0.08974359
Wipfli_et_al.1999Canadian_Journal_of_Fisheries_and_Aquatic_Sciences,1999,55.627123,-131.498864,Vertebrates,aquatic,invertebrate,dir,experimental,6,1.057692308,0.128205128,6,1.467948718,0.08974359
Wipfli_et_al.1999Canadian_Journal_of_Fisheries_and_Aquatic_Sciences,1999,55.627123,-131.498864,Vertebrates,aquatic,invertebrate,dir,experimental,6,0.820512821,0.192307692,6,1.467948718,0.08974359
Wipfli_et_al.1999Canadian_Journal_of_Fisheries_and_Aquatic_Sciences,1999,55.627123,-131.498864,Vertebrates,aquatic,invertebrate,dir,experimental,6,0.455128205,0.096153846,6,1.467948718,0.08974359
Wipfli_et_al.1999Canadian_Journal_of_Fisheries_and_Aquatic_Sciences,1999,55.627123,-131.498864,Vertebrates,aquatic,invertebrate,dir,manipulative,6,139.9361048,12.65124065,6,62.82805807,7.965595964
Wipfli_et_al.1999Canadian_Journal_of_Fisheries_and_Aquatic_Sciences,1999,55.627123,-131.498864,Vertebrates,aquatic,invertebrate,dir,manipulative,6,236.1969114,11.24554724,6,62.82805807,7.965595964
Wipfli_et_al.1999Canadian_Journal_of_Fisheries_and_Aquatic_Sciences,1999,55.627123,-131.498864,Vertebrates,aquatic,invertebrate,dir,manipulative,6,379.0432058,53.4163494,6,62.82805807,7.965595964
Wipfli_et_al.1999Canadian_Journal_of_Fisheries_and_Aquatic_Sciences,1999,55.627123,-131.498864,Vertebrates,aquatic,invertebrate,dir,manipulative,6,40.26242328,4.572856725,6,28.36697605,4.740549638
Wipfli_et_al.1999Canadian_Journal_of_Fisheries_and_Aquatic_Sciences,1999,55.627123,-131.498864,Vertebrates,aquatic,invertebrate,dir,manipulative,6,55.11453305,10.9201947,6,28.36697605,4.740549638
Wipfli_et_al.1999Canadian_Journal_of_Fisheries_and_Aquatic_Sciences,1999,55.627123,-131.498864,Vertebrates,aquatic,invertebrate,dir,manipulative,6,34.44476917,10.9201947,6,28.36697605,4.740549638
Wipfli_et_al.1999Canadian_Journal_of_Fisheries_and_Aquatic_Sciences,1999,55.627123,-131.498864,Vertebrates,aquatic,invertebrate,asc,manipulative,6,27.30769231,5.256410256,6,24.23076923,2.179487179
Wipfli_et_al.1999Canadian_Journal_of_Fisheries_and_Aquatic_Sciences,1999,55.627123,-131.498864,Vertebrates,aquatic,invertebrate,asc,manipulative,6,19.1025641,3.58974359,6,24.23076923,2.179487179
Wipfli_et_al.1999Canadian_Journal_of_Fisheries_and_Aquatic_Sciences,1999,55.627123,-131.498864,Vertebrates,aquatic,invertebrate,dir,manipulative,6,29.93630573,5.732484076,6,5.095541401,1.061571125
Wipfli_et_al.1999Canadian_Journal_of_Fisheries_and_Aquatic_Sciences,1999,55.627123,-131.498864,Vertebrates,aquatic,invertebrate,dir,manipulative,6,23.56687898,4.140127389,6,5.095541401,1.061571125
Wipfli_et_al.1999Canadian_Journal_of_Fisheries_and_Aquatic_Sciences,1999,55.627123,-131.498864,Vertebrates,aquatic,invertebrate,dir,manipulative,6,65.60509554,32.48407643,6,5.095541401,1.061571125
Wipfli_et_al.1999Canadian_Journal_of_Fisheries_and_Aquatic_Sciences,1999,55.627123,-131.498864,Vertebrates,aquatic,invertebrate,dir,manipulative,6,13.73801917,1.916932907,6,8.477103301,1.384451544
Wipfli_et_al.1999Canadian_Journal_of_Fisheries_and_Aquatic_Sciences,1999,55.627123,-131.498864,Vertebrates,aquatic,invertebrate,dir,manipulative,6,11.69329073,2.236421725,6,8.477103301,1.384451544
Wipfli_et_al.1999Canadian_Journal_of_Fisheries_and_Aquatic_Sciences,1999,55.627123,-131.498864,Vertebrates,aquatic,invertebrate,dir,manipulative,6,16.54952077,3.706070288,6,8.477103301,1.384451544
Yonekura_et_al.2009Biological_Invasions,2009,34.95,135.966667,Insects,aquatic,invertebrate,des,experimental,32,654.9375,341.2780819,32,707.1875,367.7561182
